date,price1,price2,choice
2021-01-01 09:46:00+05:30,76.2,76.15,R
2021-01-01 09:47:00+05:30,76.2,76.15,R
2021-01-01 09:48:00+05:30,76.2,76.15,R
2021-01-01 10:06:00+05:30,76.1,75.9,R
2021-01-01 10:07:00+05:30,75.9,75.85,R
2021-01-01 10:08:00+05:30,75.9,75.85,R
2021-01-01 10:49:00+05:30,76.1,76.05,R
2021-01-01 10:50:00+05:30,76.1,76.05,R
2021-01-01 10:51:00+05:30,76.1,76.05,R
2021-01-01 11:24:00+05:30,76.8,76.75,R
2021-01-01 11:25:00+05:30,76.8,76.75,R
2021-01-01 11:26:00+05:30,76.8,76.75,R
2021-01-01 15:02:00+05:30,77.4,77.35,R
2021-01-01 15:03:00+05:30,77.4,77.35,R
2021-01-01 15:04:00+05:30,77.4,77.35,R
2021-01-01 15:03:00+05:30,77.4,77.35,R
2021-01-01 15:04:00+05:30,77.4,77.35,R
2021-01-01 15:05:00+05:30,77.45,77.35,R
2021-01-04 10:01:00+05:30,78.9,78.85,R
2021-01-04 10:02:00+05:30,78.85,78.8,R
2021-01-04 10:03:00+05:30,78.85,78.8,R
2021-01-05 12:36:00+05:30,81.3,81.2,R
2021-01-05 12:37:00+05:30,81.2,81.1,R
2021-01-05 12:38:00+05:30,81.15,81.1,R
2021-01-05 14:17:00+05:30,82.1,82.05,R
2021-01-05 14:18:00+05:30,82.1,82.0,R
2021-01-05 14:19:00+05:30,82.05,82.0,R
2021-01-05 15:15:00+05:30,81.3,81.2,R
2021-01-05 15:16:00+05:30,81.2,81.05,R
2021-01-05 15:17:00+05:30,81.1,81.05,R
2021-01-06 09:48:00+05:30,82.1,82.0,R
2021-01-06 09:49:00+05:30,82.0,81.9,R
2021-01-06 09:50:00+05:30,81.95,81.9,R
2021-01-06 12:43:00+05:30,82.65,82.6,R
2021-01-06 12:44:00+05:30,82.55,82.5,R
2021-01-06 12:45:00+05:30,82.55,82.5,R
2021-01-07 09:42:00+05:30,83.2,83.15,R
2021-01-07 09:43:00+05:30,83.15,83.1,R
2021-01-07 09:44:00+05:30,83.15,83.1,R
2021-01-07 11:20:00+05:30,82.2,81.95,R
2021-01-07 11:21:00+05:30,82.0,81.9,R
2021-01-07 11:22:00+05:30,82.0,81.95,R
2021-01-07 14:02:00+05:30,82.0,81.95,R
2021-01-07 14:03:00+05:30,82.0,81.95,R
2021-01-07 14:04:00+05:30,82.0,81.95,R
2021-01-07 14:03:00+05:30,82.0,81.95,R
2021-01-07 14:04:00+05:30,82.0,81.95,R
2021-01-07 14:05:00+05:30,82.0,81.95,R
2021-01-07 14:04:00+05:30,82.0,81.95,R
2021-01-07 14:05:00+05:30,82.0,81.95,R
2021-01-07 14:06:00+05:30,82.0,81.95,R
2021-01-07 14:32:00+05:30,82.2,82.15,R
2021-01-07 14:33:00+05:30,82.15,82.05,R
2021-01-07 14:34:00+05:30,82.1,82.05,R
2021-01-07 15:00:00+05:30,82.0,81.95,R
2021-01-07 15:01:00+05:30,81.95,81.85,R
2021-01-07 15:02:00+05:30,81.9,81.85,R
2021-01-08 11:24:00+05:30,83.0,82.95,R
2021-01-08 11:25:00+05:30,83.0,82.95,R
2021-01-08 11:26:00+05:30,83.0,82.95,R
2021-01-08 11:50:00+05:30,83.0,82.95,R
2021-01-08 11:51:00+05:30,83.0,82.95,R
2021-01-08 11:52:00+05:30,83.0,82.95,R
2021-01-08 13:37:00+05:30,83.0,82.95,R
2021-01-08 13:38:00+05:30,83.0,82.95,R
2021-01-08 13:39:00+05:30,83.0,82.95,R
2021-01-08 14:21:00+05:30,82.9,82.8,R
2021-01-08 14:22:00+05:30,82.85,82.8,R
2021-01-08 14:23:00+05:30,82.85,82.8,R
2021-01-11 11:31:00+05:30,83.0,82.95,R
2021-01-11 11:32:00+05:30,83.0,82.9,R
2021-01-11 11:33:00+05:30,82.95,82.9,R
2021-01-11 11:36:00+05:30,83.0,82.95,R
2021-01-11 11:37:00+05:30,83.0,82.95,R
2021-01-11 11:38:00+05:30,83.0,82.95,R
2021-01-11 11:52:00+05:30,83.05,83.0,R
2021-01-11 11:53:00+05:30,83.0,82.95,R
2021-01-11 11:54:00+05:30,83.0,82.95,R
2021-01-11 12:31:00+05:30,82.95,82.9,R
2021-01-11 12:32:00+05:30,82.9,82.85,R
2021-01-11 12:33:00+05:30,82.9,82.85,R
2021-01-11 14:58:00+05:30,83.4,83.35,R
2021-01-11 14:59:00+05:30,83.35,83.3,R
2021-01-11 15:00:00+05:30,83.35,83.3,R
2021-01-11 15:20:00+05:30,83.45,83.4,R
2021-01-11 15:21:00+05:30,83.4,83.3,R
2021-01-11 15:22:00+05:30,83.35,83.3,R
2021-01-12 09:52:00+05:30,84.55,84.5,R
2021-01-12 09:53:00+05:30,84.5,84.45,R
2021-01-12 09:54:00+05:30,84.5,84.45,R
2021-01-12 11:31:00+05:30,87.25,87.05,R
2021-01-12 11:32:00+05:30,87.05,86.9,R
2021-01-12 11:33:00+05:30,86.95,86.9,R
2021-01-12 14:48:00+05:30,86.4,86.35,R
2021-01-12 14:49:00+05:30,86.35,86.3,R
2021-01-12 14:50:00+05:30,86.35,86.3,R
2021-01-13 09:37:00+05:30,87.1,86.95,R
2021-01-13 09:38:00+05:30,86.95,86.9,R
2021-01-13 09:39:00+05:30,86.95,86.9,R
2021-01-14 13:18:00+05:30,86.0,85.95,R
2021-01-14 13:19:00+05:30,86.0,85.9,R
2021-01-14 13:20:00+05:30,85.95,85.9,R
2021-01-14 13:59:00+05:30,85.95,85.85,R
2021-01-14 14:00:00+05:30,85.9,85.85,R
2021-01-14 14:01:00+05:30,85.95,85.9,R
2021-01-14 14:16:00+05:30,85.85,85.75,R
2021-01-14 14:17:00+05:30,85.8,85.75,R
2021-01-14 14:18:00+05:30,85.85,85.8,R
2021-01-14 14:18:00+05:30,85.85,85.8,R
2021-01-14 14:19:00+05:30,85.85,85.75,R
2021-01-14 14:20:00+05:30,85.8,85.75,R
2021-01-14 14:19:00+05:30,85.85,85.75,R
2021-01-14 14:20:00+05:30,85.8,85.75,R
2021-01-14 14:21:00+05:30,85.8,85.75,R
2021-01-15 10:36:00+05:30,87.2,87.15,R
2021-01-15 10:37:00+05:30,87.15,87.05,R
2021-01-15 10:38:00+05:30,87.1,87.05,R
2021-01-15 11:13:00+05:30,87.05,87.0,R
2021-01-15 11:14:00+05:30,86.95,86.9,R
2021-01-15 11:15:00+05:30,86.95,86.9,R
2021-01-15 11:24:00+05:30,86.55,86.5,R
2021-01-15 11:25:00+05:30,86.5,86.35,R
2021-01-15 11:26:00+05:30,86.4,86.35,R
2021-01-15 11:25:00+05:30,86.5,86.35,R
2021-01-15 11:26:00+05:30,86.4,86.35,R
2021-01-15 11:27:00+05:30,86.45,86.4,R
2021-01-15 11:27:00+05:30,86.45,86.4,R
2021-01-15 11:28:00+05:30,86.4,86.35,R
2021-01-15 11:29:00+05:30,86.4,86.35,R
2021-01-15 14:15:00+05:30,85.25,85.05,R
2021-01-15 14:16:00+05:30,85.0,84.8,R
2021-01-15 14:17:00+05:30,84.85,84.8,R
2021-01-18 09:16:00+05:30,84.8,84.35,R
2021-01-18 09:17:00+05:30,84.45,84.2,R
2021-01-18 09:18:00+05:30,84.3,84.25,R
2021-01-18 09:28:00+05:30,84.4,84.15,R
2021-01-18 09:29:00+05:30,84.15,83.95,R
2021-01-18 09:30:00+05:30,84.0,83.95,R
2021-01-18 10:36:00+05:30,81.25,81.2,R
2021-01-18 10:37:00+05:30,81.2,81.15,R
2021-01-18 10:38:00+05:30,81.2,81.15,R
2021-01-19 10:38:00+05:30,83.9,83.8,R
2021-01-19 10:39:00+05:30,83.9,83.8,R
2021-01-19 10:40:00+05:30,83.85,83.8,R
2021-01-20 10:43:00+05:30,85.5,85.4,R
2021-01-20 10:44:00+05:30,85.4,85.35,R
2021-01-20 10:45:00+05:30,85.4,85.35,R
2021-01-20 11:10:00+05:30,85.15,85.1,R
2021-01-20 11:11:00+05:30,85.1,85.05,R
2021-01-20 11:12:00+05:30,85.1,85.05,R
2021-01-20 11:27:00+05:30,85.25,85.2,R
2021-01-20 11:28:00+05:30,85.2,85.15,R
2021-01-20 11:29:00+05:30,85.2,85.15,R
2021-01-20 13:29:00+05:30,84.7,84.65,R
2021-01-20 13:30:00+05:30,84.7,84.6,R
2021-01-20 13:31:00+05:30,84.65,84.6,R
2021-01-20 15:28:00+05:30,84.8,84.7,R
2021-01-20 15:29:00+05:30,84.7,84.55,R
2021-01-21 09:15:00+05:30,85.5,85.45,R
2021-01-21 13:20:00+05:30,84.05,84.0,R
2021-01-21 13:21:00+05:30,84.0,83.95,R
2021-01-21 13:22:00+05:30,84.0,83.95,R
2021-01-21 15:01:00+05:30,83.35,83.25,R
2021-01-21 15:02:00+05:30,83.25,83.0,R
2021-01-21 15:03:00+05:30,83.1,83.0,R
2021-01-22 12:28:00+05:30,79.7,79.65,R
2021-01-22 12:29:00+05:30,79.65,79.6,R
2021-01-22 12:30:00+05:30,79.65,79.6,R
2021-01-25 10:58:00+05:30,79.6,79.45,R
2021-01-25 10:59:00+05:30,79.45,79.4,R
2021-01-25 11:00:00+05:30,79.45,79.4,R
2021-01-25 13:17:00+05:30,80.8,80.7,R
2021-01-25 13:18:00+05:30,80.65,80.5,R
2021-01-25 13:19:00+05:30,80.55,80.5,R
2021-01-25 13:52:00+05:30,80.0,79.9,R
2021-01-25 13:53:00+05:30,79.95,79.9,R
2021-01-25 13:54:00+05:30,80.0,79.9,R
2021-01-25 14:53:00+05:30,79.35,79.3,R
2021-01-25 14:54:00+05:30,79.35,79.2,R
2021-01-25 14:55:00+05:30,79.25,79.2,R
2021-01-25 14:54:00+05:30,79.35,79.2,R
2021-01-25 14:55:00+05:30,79.25,79.2,R
2021-01-25 14:56:00+05:30,79.25,79.2,R
2021-01-27 10:59:00+05:30,78.4,78.35,R
2021-01-27 11:00:00+05:30,78.35,78.25,R
2021-01-27 11:01:00+05:30,78.35,78.3,R
2021-01-27 12:20:00+05:30,77.35,77.05,R
2021-01-27 12:21:00+05:30,77.1,76.95,R
2021-01-27 12:22:00+05:30,77.05,77.0,R
2021-01-28 09:51:00+05:30,75.65,75.55,R
2021-01-28 09:52:00+05:30,75.6,75.4,R
2021-01-28 09:53:00+05:30,75.45,75.4,R
2021-01-28 10:40:00+05:30,76.65,76.55,R
2021-01-28 10:41:00+05:30,76.55,76.35,R
2021-01-28 10:42:00+05:30,76.4,76.35,R
2021-01-28 12:51:00+05:30,76.15,76.05,R
2021-01-28 12:52:00+05:30,76.1,75.95,R
2021-01-28 12:53:00+05:30,76.0,75.95,R
2021-01-28 12:56:00+05:30,75.9,75.8,R
2021-01-28 12:57:00+05:30,75.85,75.8,R
2021-01-28 12:58:00+05:30,75.85,75.8,R
2021-01-29 09:18:00+05:30,78.2,78.0,R
2021-01-29 09:19:00+05:30,78.0,77.8,R
2021-01-29 09:20:00+05:30,77.9,77.85,R
2021-01-29 15:20:00+05:30,75.3,75.25,R
2021-01-29 15:21:00+05:30,75.25,75.05,R
2021-01-29 15:22:00+05:30,75.1,75.05,R
2021-02-01 13:36:00+05:30,77.5,77.4,R
2021-02-01 13:37:00+05:30,77.4,77.35,R
2021-02-01 13:38:00+05:30,77.45,77.4,R
2021-02-01 15:14:00+05:30,80.2,80.1,R
2021-02-01 15:15:00+05:30,80.15,80.05,R
2021-02-01 15:16:00+05:30,80.1,80.05,R
2021-02-02 09:21:00+05:30,81.1,80.95,R
2021-02-02 09:22:00+05:30,80.95,80.65,R
2021-02-02 09:23:00+05:30,80.7,80.65,R
2021-02-02 10:46:00+05:30,80.35,80.25,R
2021-02-02 10:47:00+05:30,80.25,80.2,R
2021-02-02 10:48:00+05:30,80.25,80.2,R
2021-02-02 11:18:00+05:30,81.1,81.05,R
2021-02-02 11:19:00+05:30,81.0,80.9,R
2021-02-02 11:20:00+05:30,81.0,80.95,R
2021-02-02 13:33:00+05:30,81.6,81.55,R
2021-02-02 13:34:00+05:30,81.5,81.45,R
2021-02-02 13:35:00+05:30,81.5,81.45,R
2021-02-03 10:23:00+05:30,84.15,84.05,R
2021-02-03 10:24:00+05:30,84.05,83.75,R
2021-02-03 10:25:00+05:30,83.8,83.75,R
2021-02-03 11:15:00+05:30,84.95,84.9,R
2021-02-03 11:16:00+05:30,84.9,84.6,R
2021-02-03 11:17:00+05:30,84.75,84.65,R
2021-02-03 12:43:00+05:30,85.15,85.0,R
2021-02-03 12:44:00+05:30,85.05,84.7,R
2021-02-03 12:45:00+05:30,84.75,84.7,R
2021-02-03 13:07:00+05:30,84.75,84.7,R
2021-02-03 13:08:00+05:30,84.7,84.55,R
2021-02-03 13:09:00+05:30,84.6,84.55,R
2021-02-03 15:16:00+05:30,84.25,84.2,R
2021-02-03 15:17:00+05:30,84.2,84.05,R
2021-02-03 15:18:00+05:30,84.1,84.05,R
2021-02-03 15:17:00+05:30,84.2,84.05,R
2021-02-03 15:18:00+05:30,84.1,84.05,R
2021-02-03 15:19:00+05:30,84.15,84.1,R
2021-02-03 15:28:00+05:30,84.65,84.55,R
2021-02-03 15:29:00+05:30,84.55,84.4,R
2021-02-04 09:15:00+05:30,84.95,84.8,R
2021-02-04 09:28:00+05:30,87.2,87.1,R
2021-02-04 09:29:00+05:30,87.0,86.95,R
2021-02-04 09:30:00+05:30,87.0,86.95,R
2021-02-04 10:01:00+05:30,86.95,86.85,R
2021-02-04 10:02:00+05:30,86.85,86.65,R
2021-02-04 10:03:00+05:30,86.7,86.65,R
2021-02-04 10:45:00+05:30,87.8,87.6,R
2021-02-04 10:46:00+05:30,87.6,87.55,R
2021-02-04 10:47:00+05:30,87.6,87.55,R
2021-02-04 11:09:00+05:30,89.0,88.9,R
2021-02-04 11:10:00+05:30,88.8,88.75,R
2021-02-04 11:11:00+05:30,88.8,88.75,R
2021-02-04 11:16:00+05:30,88.65,88.6,R
2021-02-04 11:17:00+05:30,88.55,88.5,R
2021-02-04 11:18:00+05:30,88.6,88.55,R
2021-02-04 11:19:00+05:30,88.55,88.3,R
2021-02-04 11:20:00+05:30,88.3,88.15,R
2021-02-04 11:21:00+05:30,88.2,88.15,R
2021-02-04 12:38:00+05:30,88.5,88.45,R
2021-02-04 12:39:00+05:30,88.5,88.4,R
2021-02-04 12:40:00+05:30,88.45,88.4,R
2021-02-04 14:54:00+05:30,89.9,89.8,R
2021-02-04 14:55:00+05:30,89.85,89.8,R
2021-02-04 14:56:00+05:30,89.85,89.8,R
2021-02-04 14:55:00+05:30,89.85,89.8,R
2021-02-04 14:56:00+05:30,89.85,89.8,R
2021-02-04 14:57:00+05:30,89.85,89.8,R
2021-02-05 09:58:00+05:30,86.9,86.65,R
2021-02-05 09:59:00+05:30,86.65,86.35,R
2021-02-05 10:00:00+05:30,86.45,86.4,R
2021-02-05 11:25:00+05:30,88.55,88.5,R
2021-02-05 11:26:00+05:30,88.5,88.3,R
2021-02-05 11:27:00+05:30,88.4,88.3,R
2021-02-05 12:24:00+05:30,89.9,89.55,R
2021-02-05 12:25:00+05:30,89.6,89.45,R
2021-02-05 12:26:00+05:30,89.5,89.45,R
2021-02-05 13:32:00+05:30,87.95,87.55,R
2021-02-05 13:33:00+05:30,87.55,87.35,R
2021-02-05 13:34:00+05:30,87.5,87.4,R
2021-02-08 09:57:00+05:30,90.75,90.7,R
2021-02-08 09:58:00+05:30,90.7,90.6,R
2021-02-08 09:59:00+05:30,90.7,90.65,R
2021-02-08 10:38:00+05:30,89.7,89.55,R
2021-02-08 10:39:00+05:30,89.6,89.5,R
2021-02-08 10:40:00+05:30,89.55,89.5,R
2021-02-08 12:00:00+05:30,90.0,89.9,R
2021-02-08 12:01:00+05:30,89.95,89.85,R
2021-02-08 12:02:00+05:30,89.9,89.85,R
2021-02-08 13:26:00+05:30,90.05,90.0,R
2021-02-08 13:27:00+05:30,90.05,90.0,R
2021-02-08 13:28:00+05:30,90.05,90.0,R
2021-02-08 13:40:00+05:30,90.1,90.0,R
2021-02-08 13:41:00+05:30,90.1,89.9,R
2021-02-08 13:42:00+05:30,89.95,89.9,R
2021-02-08 13:41:00+05:30,90.1,89.9,R
2021-02-08 13:42:00+05:30,89.95,89.9,R
2021-02-08 13:43:00+05:30,90.0,89.9,R
2021-02-08 13:49:00+05:30,90.05,90.0,R
2021-02-08 13:50:00+05:30,90.0,89.95,R
2021-02-08 13:51:00+05:30,90.0,89.95,R
2021-02-08 14:01:00+05:30,90.2,90.15,R
2021-02-08 14:02:00+05:30,90.2,90.1,R
2021-02-08 14:03:00+05:30,90.15,90.1,R
2021-02-08 14:03:00+05:30,90.15,90.1,R
2021-02-08 14:04:00+05:30,90.15,90.05,R
2021-02-08 14:05:00+05:30,90.1,90.05,R
2021-02-08 14:04:00+05:30,90.15,90.05,R
2021-02-08 14:05:00+05:30,90.1,90.05,R
2021-02-08 14:06:00+05:30,90.1,90.05,R
2021-02-08 14:56:00+05:30,90.0,89.95,R
2021-02-08 14:57:00+05:30,89.95,89.85,R
2021-02-08 14:58:00+05:30,89.9,89.85,R
2021-02-08 14:57:00+05:30,89.95,89.85,R
2021-02-08 14:58:00+05:30,89.9,89.85,R
2021-02-08 14:59:00+05:30,89.9,89.85,R
2021-02-08 15:23:00+05:30,90.0,89.95,R
2021-02-08 15:24:00+05:30,90.0,89.9,R
2021-02-08 15:25:00+05:30,90.0,89.95,R
2021-02-08 15:28:00+05:30,89.95,89.9,R
2021-02-08 15:29:00+05:30,89.95,89.9,R
2021-02-09 09:15:00+05:30,90.15,90.05,R
2021-02-09 10:04:00+05:30,88.9,88.85,R
2021-02-09 10:05:00+05:30,88.9,88.85,R
2021-02-09 10:06:00+05:30,88.95,88.9,R
2021-02-09 11:41:00+05:30,88.3,88.25,R
2021-02-09 11:42:00+05:30,88.25,88.15,R
2021-02-09 11:43:00+05:30,88.2,88.15,R
2021-02-09 12:19:00+05:30,88.0,87.95,R
2021-02-09 12:20:00+05:30,88.0,87.95,R
2021-02-09 12:21:00+05:30,88.0,87.95,R
2021-02-09 14:44:00+05:30,87.5,87.4,R
2021-02-09 14:45:00+05:30,87.4,87.15,R
2021-02-09 14:46:00+05:30,87.25,87.2,R
2021-02-10 09:23:00+05:30,87.4,87.15,R
2021-02-10 09:24:00+05:30,87.15,86.7,R
2021-02-10 09:25:00+05:30,86.8,86.7,R
2021-02-10 09:36:00+05:30,87.5,87.45,R
2021-02-10 09:37:00+05:30,87.5,87.3,R
2021-02-10 09:38:00+05:30,87.35,87.3,R
2021-02-10 12:13:00+05:30,88.85,88.8,R
2021-02-10 12:14:00+05:30,88.8,88.7,R
2021-02-10 12:15:00+05:30,88.75,88.7,R
2021-02-10 12:45:00+05:30,89.8,89.55,R
2021-02-10 12:46:00+05:30,89.55,89.3,R
2021-02-10 12:47:00+05:30,89.35,89.3,R
2021-02-10 13:04:00+05:30,88.6,88.55,R
2021-02-10 13:05:00+05:30,88.5,88.45,R
2021-02-10 13:06:00+05:30,88.5,88.45,R
2021-02-10 13:25:00+05:30,88.0,87.85,R
2021-02-10 13:26:00+05:30,87.85,87.8,R
2021-02-10 13:27:00+05:30,87.85,87.8,R
2021-02-10 13:27:00+05:30,87.85,87.8,R
2021-02-10 13:28:00+05:30,87.85,87.65,R
2021-02-10 13:29:00+05:30,87.7,87.65,R
2021-02-10 14:25:00+05:30,88.2,88.15,R
2021-02-10 14:26:00+05:30,88.2,88.05,R
2021-02-10 14:27:00+05:30,88.1,88.05,R
2021-02-11 09:40:00+05:30,88.75,88.6,R
2021-02-11 09:41:00+05:30,88.6,88.55,R
2021-02-11 09:42:00+05:30,88.6,88.55,R
2021-02-11 13:32:00+05:30,87.8,87.7,R
2021-02-11 13:33:00+05:30,87.75,87.7,R
2021-02-11 13:34:00+05:30,87.75,87.7,R
2021-02-11 14:53:00+05:30,87.8,87.75,R
2021-02-11 14:54:00+05:30,87.75,87.7,R
2021-02-11 14:55:00+05:30,87.8,87.7,R
2021-02-12 10:00:00+05:30,87.75,87.65,R
2021-02-12 10:01:00+05:30,87.65,87.6,R
2021-02-12 10:02:00+05:30,87.65,87.6,R
2021-02-15 10:58:00+05:30,88.45,88.3,R
2021-02-15 10:59:00+05:30,88.3,88.2,R
2021-02-15 11:00:00+05:30,88.25,88.2,R
2021-02-15 10:59:00+05:30,88.3,88.2,R
2021-02-15 11:00:00+05:30,88.25,88.2,R
2021-02-15 11:01:00+05:30,88.25,88.2,R
2021-02-15 12:46:00+05:30,87.65,87.6,R
2021-02-15 12:47:00+05:30,87.6,87.5,R
2021-02-15 12:48:00+05:30,87.55,87.5,R
2021-02-15 13:21:00+05:30,87.85,87.75,R
2021-02-15 13:22:00+05:30,87.75,87.65,R
2021-02-15 13:23:00+05:30,87.7,87.65,R
2021-02-15 14:46:00+05:30,86.95,86.85,R
2021-02-15 14:47:00+05:30,86.85,86.75,R
2021-02-15 14:48:00+05:30,86.85,86.75,R
2021-02-16 10:00:00+05:30,87.1,87.05,R
2021-02-16 10:01:00+05:30,87.05,86.9,R
2021-02-16 10:02:00+05:30,87.0,86.9,R
2021-02-16 11:25:00+05:30,87.55,87.4,R
2021-02-16 11:26:00+05:30,87.4,87.35,R
2021-02-16 11:27:00+05:30,87.45,87.4,R
2021-02-16 12:15:00+05:30,88.05,87.95,R
2021-02-16 12:16:00+05:30,87.95,87.9,R
2021-02-16 12:17:00+05:30,87.95,87.9,R
2021-02-16 13:10:00+05:30,88.15,88.1,R
2021-02-16 13:11:00+05:30,88.1,87.95,R
2021-02-16 13:12:00+05:30,88.05,88.0,R
2021-02-17 09:31:00+05:30,91.2,90.9,R
2021-02-17 09:32:00+05:30,90.95,90.8,R
2021-02-17 09:33:00+05:30,90.9,90.8,R
2021-02-17 09:38:00+05:30,90.85,90.75,R
2021-02-17 09:39:00+05:30,90.7,90.65,R
2021-02-17 09:40:00+05:30,90.7,90.65,R
2021-02-17 09:53:00+05:30,90.75,90.6,R
2021-02-17 09:54:00+05:30,90.65,90.45,R
2021-02-17 09:55:00+05:30,90.5,90.45,R
2021-02-17 11:59:00+05:30,91.4,91.35,R
2021-02-17 12:00:00+05:30,91.4,91.35,R
2021-02-17 12:01:00+05:30,91.4,91.35,R
2021-02-18 10:09:00+05:30,91.4,91.35,R
2021-02-18 10:10:00+05:30,91.4,91.3,R
2021-02-18 10:11:00+05:30,91.35,91.3,R
2021-02-18 10:49:00+05:30,91.75,91.65,R
2021-02-18 10:50:00+05:30,91.65,91.6,R
2021-02-18 10:51:00+05:30,91.7,91.6,R
2021-02-18 11:58:00+05:30,91.35,91.3,R
2021-02-18 11:59:00+05:30,91.35,91.3,R
2021-02-18 12:00:00+05:30,91.4,91.35,R
2021-02-18 12:05:00+05:30,91.4,91.25,R
2021-02-18 12:06:00+05:30,91.25,91.2,R
2021-02-18 12:07:00+05:30,91.3,91.25,R
2021-02-18 13:15:00+05:30,91.9,91.75,R
2021-02-18 13:16:00+05:30,91.75,91.65,R
2021-02-18 13:17:00+05:30,91.7,91.65,R
2021-02-18 13:16:00+05:30,91.75,91.65,R
2021-02-18 13:17:00+05:30,91.7,91.65,R
2021-02-18 13:18:00+05:30,91.7,91.65,R
2021-02-18 13:19:00+05:30,91.65,91.5,R
2021-02-18 13:20:00+05:30,91.5,91.4,R
2021-02-18 13:21:00+05:30,91.45,91.4,R
2021-02-18 14:50:00+05:30,93.3,93.2,R
2021-02-18 14:51:00+05:30,93.2,93.1,R
2021-02-18 14:52:00+05:30,93.2,93.1,R
2021-02-18 15:29:00+05:30,93.25,93.2,R
2021-02-19 09:15:00+05:30,93.4,92.95,R
2021-02-19 09:16:00+05:30,93.0,92.95,R
2021-02-19 12:59:00+05:30,93.45,93.35,R
2021-02-19 13:00:00+05:30,93.35,93.2,R
2021-02-19 13:01:00+05:30,93.25,93.2,R
2021-02-19 15:15:00+05:30,91.6,91.5,R
2021-02-19 15:16:00+05:30,91.45,91.0,R
2021-02-19 15:17:00+05:30,91.15,91.0,R
2021-02-22 09:19:00+05:30,91.0,90.8,R
2021-02-22 09:20:00+05:30,90.8,90.35,R
2021-02-22 09:21:00+05:30,90.5,90.4,R
2021-02-22 10:25:00+05:30,91.25,91.1,R
2021-02-22 10:26:00+05:30,91.2,91.05,R
2021-02-22 10:27:00+05:30,91.1,91.05,R
2021-02-22 11:10:00+05:30,91.3,91.2,R
2021-02-22 11:11:00+05:30,91.2,91.1,R
2021-02-22 11:12:00+05:30,91.15,91.1,R
2021-02-22 11:19:00+05:30,91.1,90.8,R
2021-02-22 11:20:00+05:30,90.8,90.7,R
2021-02-22 11:21:00+05:30,90.75,90.7,R
2021-02-23 09:38:00+05:30,90.85,90.8,R
2021-02-23 09:39:00+05:30,90.75,90.7,R
2021-02-23 09:40:00+05:30,90.8,90.75,R
2021-02-23 10:34:00+05:30,91.75,91.65,R
2021-02-23 10:35:00+05:30,91.75,91.55,R
2021-02-23 10:36:00+05:30,91.65,91.6,R
2021-02-23 12:47:00+05:30,90.9,90.85,R
2021-02-23 12:48:00+05:30,90.85,90.8,R
2021-02-23 12:49:00+05:30,90.9,90.8,R
2021-02-23 13:39:00+05:30,90.8,90.75,R
2021-02-23 13:40:00+05:30,90.75,90.7,R
2021-02-23 13:41:00+05:30,90.75,90.7,R
2021-02-23 13:49:00+05:30,90.95,90.9,R
2021-02-23 13:50:00+05:30,90.9,90.85,R
2021-02-23 13:51:00+05:30,90.9,90.85,R
2021-02-24 09:51:00+05:30,93.75,93.65,R
2021-02-24 09:52:00+05:30,93.65,93.6,R
2021-02-24 09:53:00+05:30,93.65,93.6,R
2021-02-24 11:01:00+05:30,93.7,93.6,R
2021-02-24 11:02:00+05:30,93.7,93.55,R
2021-02-24 11:03:00+05:30,93.6,93.55,R
2021-02-24 11:37:00+05:30,93.1,93.0,R
2021-02-24 11:38:00+05:30,93.0,92.9,R
2021-02-24 11:39:00+05:30,93.0,92.95,R
2021-02-24 16:43:00+05:30,94.45,94.4,R
2021-02-24 16:44:00+05:30,94.35,94.3,R
2021-02-24 16:45:00+05:30,94.35,94.3,R
2021-02-24 16:44:00+05:30,94.35,94.3,R
2021-02-24 16:45:00+05:30,94.35,94.3,R
2021-02-24 16:46:00+05:30,94.4,94.3,R
2021-02-25 11:41:00+05:30,96.65,96.5,R
2021-02-25 11:42:00+05:30,96.55,96.4,R
2021-02-25 11:43:00+05:30,96.45,96.4,R
2021-02-25 12:01:00+05:30,96.65,96.6,R
2021-02-25 12:02:00+05:30,96.6,96.4,R
2021-02-25 12:03:00+05:30,96.45,96.4,R
2021-02-25 12:10:00+05:30,96.85,96.7,R
2021-02-25 12:11:00+05:30,96.7,96.5,R
2021-02-25 12:12:00+05:30,96.6,96.55,R
2021-02-25 12:54:00+05:30,96.7,96.6,R
2021-02-25 12:55:00+05:30,96.65,96.6,R
2021-02-25 12:56:00+05:30,96.65,96.6,R
2021-02-25 13:26:00+05:30,97.25,97.15,R
2021-02-25 13:27:00+05:30,97.2,97.05,R
2021-02-25 13:28:00+05:30,97.1,97.05,R
2021-02-25 13:47:00+05:30,97.25,97.2,R
2021-02-25 13:48:00+05:30,97.15,97.05,R
2021-02-25 13:49:00+05:30,97.1,97.05,R
2021-02-25 13:48:00+05:30,97.15,97.05,R
2021-02-25 13:49:00+05:30,97.1,97.05,R
2021-02-25 13:50:00+05:30,97.1,97.05,R
2021-02-25 14:05:00+05:30,96.2,96.05,R
2021-02-25 14:06:00+05:30,96.0,95.9,R
2021-02-25 14:07:00+05:30,96.0,95.95,R
2021-02-26 13:11:00+05:30,93.95,93.9,R
2021-02-26 13:12:00+05:30,94.0,93.8,R
2021-02-26 13:13:00+05:30,93.85,93.8,R
2021-02-26 15:02:00+05:30,95.35,95.25,R
2021-02-26 15:03:00+05:30,95.3,95.05,R
2021-02-26 15:04:00+05:30,95.1,95.05,R
2021-03-01 10:52:00+05:30,97.4,97.35,R
2021-03-01 10:53:00+05:30,97.35,97.25,R
2021-03-01 10:54:00+05:30,97.3,97.25,R
2021-03-01 11:39:00+05:30,98.65,98.55,R
2021-03-01 11:40:00+05:30,98.55,98.4,R
2021-03-01 11:41:00+05:30,98.45,98.4,R
2021-03-01 13:45:00+05:30,97.85,97.8,R
2021-03-01 13:46:00+05:30,97.8,97.75,R
2021-03-01 13:47:00+05:30,97.8,97.75,R
2021-03-01 14:49:00+05:30,97.3,97.05,R
2021-03-01 14:50:00+05:30,97.1,96.9,R
2021-03-01 14:51:00+05:30,97.0,96.95,R
2021-03-02 11:07:00+05:30,98.4,98.35,R
2021-03-02 11:08:00+05:30,98.4,98.3,R
2021-03-02 11:09:00+05:30,98.35,98.3,R
2021-03-02 12:02:00+05:30,99.15,98.9,R
2021-03-02 12:03:00+05:30,98.9,98.85,R
2021-03-02 12:04:00+05:30,98.9,98.85,R
2021-03-02 12:47:00+05:30,98.7,98.45,R
2021-03-02 12:48:00+05:30,98.55,98.45,R
2021-03-02 12:49:00+05:30,98.5,98.45,R
2021-03-03 13:56:00+05:30,104.5,104.45,R
2021-03-03 13:57:00+05:30,104.45,104.4,R
2021-03-03 13:58:00+05:30,104.45,104.4,R
2021-03-03 13:57:00+05:30,104.45,104.4,R
2021-03-03 13:58:00+05:30,104.45,104.4,R
2021-03-03 13:59:00+05:30,104.5,104.45,R
2021-03-03 14:51:00+05:30,104.7,104.6,R
2021-03-03 14:52:00+05:30,104.65,104.5,R
2021-03-03 14:53:00+05:30,104.6,104.5,R
2021-03-03 15:14:00+05:30,105.4,105.35,R
2021-03-03 15:15:00+05:30,105.35,105.3,R
2021-03-03 15:16:00+05:30,105.35,105.3,R
2021-03-04 11:06:00+05:30,111.35,111.2,R
2021-03-04 11:07:00+05:30,111.25,111.15,R
2021-03-04 11:08:00+05:30,111.2,111.15,R
2021-03-05 10:15:00+05:30,108.8,108.5,R
2021-03-05 10:16:00+05:30,108.6,108.45,R
2021-03-05 10:17:00+05:30,108.5,108.45,R
2021-03-05 11:02:00+05:30,106.5,106.4,R
2021-03-05 11:03:00+05:30,106.35,106.2,R
2021-03-05 11:04:00+05:30,106.25,106.2,R
2021-03-05 12:54:00+05:30,107.7,107.55,R
2021-03-05 12:55:00+05:30,107.55,107.5,R
2021-03-05 12:56:00+05:30,107.6,107.55,R
2021-03-05 13:12:00+05:30,107.6,107.55,R
2021-03-05 13:13:00+05:30,107.55,107.3,R
2021-03-05 13:14:00+05:30,107.35,107.3,R
2021-03-05 13:13:00+05:30,107.55,107.3,R
2021-03-05 13:14:00+05:30,107.35,107.3,R
2021-03-05 13:15:00+05:30,107.35,107.3,R
2021-03-08 09:46:00+05:30,111.05,110.95,R
2021-03-08 09:47:00+05:30,110.9,110.85,R
2021-03-08 09:48:00+05:30,110.95,110.85,R
2021-03-08 09:55:00+05:30,111.8,111.5,R
2021-03-08 09:56:00+05:30,111.5,111.4,R
2021-03-08 09:57:00+05:30,111.45,111.4,R
2021-03-08 10:29:00+05:30,110.55,110.5,R
2021-03-08 10:30:00+05:30,110.5,110.4,R
2021-03-08 10:31:00+05:30,110.45,110.4,R
2021-03-08 13:23:00+05:30,109.6,109.55,R
2021-03-08 13:24:00+05:30,109.6,109.45,R
2021-03-08 13:25:00+05:30,109.5,109.45,R
2021-03-08 15:02:00+05:30,109.35,109.3,R
2021-03-08 15:03:00+05:30,109.3,109.25,R
2021-03-08 15:04:00+05:30,109.3,109.25,R
2021-03-09 10:42:00+05:30,109.0,108.95,R
2021-03-09 10:43:00+05:30,109.0,108.95,R
2021-03-09 10:44:00+05:30,109.0,108.95,R
2021-03-09 12:17:00+05:30,108.25,108.15,R
2021-03-09 12:18:00+05:30,108.15,108.1,R
2021-03-09 12:19:00+05:30,108.15,108.1,R
2021-03-10 09:40:00+05:30,107.95,107.85,R
2021-03-10 09:41:00+05:30,107.85,107.8,R
2021-03-10 09:42:00+05:30,107.85,107.8,R
2021-03-10 09:41:00+05:30,107.85,107.8,R
2021-03-10 09:42:00+05:30,107.85,107.8,R
2021-03-10 09:43:00+05:30,107.85,107.8,R
2021-03-10 11:35:00+05:30,107.0,106.95,R
2021-03-10 11:36:00+05:30,107.0,106.9,R
2021-03-10 11:37:00+05:30,106.95,106.9,R
2021-03-10 12:06:00+05:30,106.45,106.4,R
2021-03-10 12:07:00+05:30,106.3,106.25,R
2021-03-10 12:08:00+05:30,106.3,106.25,R
2021-03-10 14:45:00+05:30,107.4,107.3,R
2021-03-10 14:46:00+05:30,107.35,107.3,R
2021-03-10 14:47:00+05:30,107.35,107.3,R
2021-03-10 14:56:00+05:30,107.6,107.45,R
2021-03-10 14:57:00+05:30,107.4,107.3,R
2021-03-10 14:58:00+05:30,107.35,107.3,R
2021-03-12 11:48:00+05:30,113.05,112.95,R
2021-03-12 11:49:00+05:30,112.95,112.85,R
2021-03-12 11:50:00+05:30,112.9,112.85,R
2021-03-12 12:10:00+05:30,112.75,112.7,R
2021-03-12 12:11:00+05:30,112.7,112.6,R
2021-03-12 12:12:00+05:30,112.7,112.6,R
2021-03-12 12:22:00+05:30,111.75,111.7,R
2021-03-12 12:23:00+05:30,111.7,111.65,R
2021-03-12 12:24:00+05:30,111.7,111.65,R
2021-03-12 15:27:00+05:30,113.35,113.25,R
2021-03-12 15:28:00+05:30,113.25,113.1,R
2021-03-12 15:29:00+05:30,113.2,113.1,R
2021-03-16 09:42:00+05:30,111.1,110.8,R
2021-03-16 09:43:00+05:30,110.8,110.55,R
2021-03-16 09:44:00+05:30,110.65,110.6,R
2021-03-16 12:23:00+05:30,110.1,110.05,R
2021-03-16 12:24:00+05:30,110.05,110.0,R
2021-03-16 12:25:00+05:30,110.05,110.0,R
2021-03-17 09:54:00+05:30,108.75,108.7,R
2021-03-17 09:55:00+05:30,108.65,108.3,R
2021-03-17 09:56:00+05:30,108.4,108.35,R
2021-03-17 10:54:00+05:30,108.3,108.2,R
2021-03-17 10:55:00+05:30,108.2,108.15,R
2021-03-17 10:56:00+05:30,108.25,108.2,R
2021-03-17 13:24:00+05:30,106.8,106.7,R
2021-03-17 13:25:00+05:30,106.7,106.45,R
2021-03-17 13:26:00+05:30,106.5,106.45,R
2021-03-18 10:33:00+05:30,103.65,103.35,R
2021-03-18 10:34:00+05:30,103.35,103.05,R
2021-03-18 10:35:00+05:30,103.35,103.15,R
2021-03-19 13:37:00+05:30,100.2,100.1,R
2021-03-19 13:38:00+05:30,100.15,100.05,R
2021-03-19 13:39:00+05:30,100.15,100.1,R
2021-03-19 13:53:00+05:30,100.45,100.1,R
2021-03-19 13:54:00+05:30,100.2,100.1,R
2021-03-19 13:55:00+05:30,100.2,100.15,R
2021-03-22 10:00:00+05:30,105.5,105.15,R
2021-03-22 10:01:00+05:30,105.15,105.1,R
2021-03-22 10:02:00+05:30,105.2,105.15,R
2021-03-22 13:55:00+05:30,105.45,105.2,R
2021-03-22 13:56:00+05:30,105.2,105.05,R
2021-03-22 13:57:00+05:30,105.1,105.05,R
2021-03-23 09:42:00+05:30,105.4,105.3,R
2021-03-23 09:43:00+05:30,105.25,105.15,R
2021-03-23 09:44:00+05:30,105.2,105.15,R
2021-03-23 12:56:00+05:30,105.1,105.05,R
2021-03-23 12:57:00+05:30,105.1,105.0,R
2021-03-23 12:58:00+05:30,105.05,105.0,R
2021-03-23 14:31:00+05:30,105.0,104.85,R
2021-03-23 14:32:00+05:30,104.9,104.8,R
2021-03-23 14:33:00+05:30,104.9,104.85,R
2021-03-23 14:45:00+05:30,105.1,105.05,R
2021-03-23 14:46:00+05:30,105.0,104.95,R
2021-03-23 14:47:00+05:30,105.0,104.95,R
2021-03-23 14:54:00+05:30,105.05,104.95,R
2021-03-23 14:55:00+05:30,105.0,104.95,R
2021-03-23 14:56:00+05:30,105.0,104.95,R
2021-03-24 10:05:00+05:30,105.1,104.95,R
2021-03-24 10:06:00+05:30,104.9,104.75,R
2021-03-24 10:07:00+05:30,104.8,104.75,R
2021-03-24 10:06:00+05:30,104.9,104.75,R
2021-03-24 10:07:00+05:30,104.8,104.75,R
2021-03-24 10:08:00+05:30,104.8,104.75,R
2021-03-24 15:17:00+05:30,101.55,101.35,R
2021-03-24 15:18:00+05:30,101.35,101.2,R
2021-03-24 15:19:00+05:30,101.3,101.2,R
2021-03-25 10:53:00+05:30,99.4,99.2,R
2021-03-25 10:54:00+05:30,99.15,99.1,R
2021-03-25 10:55:00+05:30,99.15,99.1,R
2021-03-25 10:54:00+05:30,99.15,99.1,R
2021-03-25 10:55:00+05:30,99.15,99.1,R
2021-03-25 10:56:00+05:30,99.15,99.1,R
2021-03-25 14:53:00+05:30,99.8,99.7,R
2021-03-25 14:54:00+05:30,99.7,99.65,R
2021-03-25 14:55:00+05:30,99.7,99.65,R
2021-03-26 10:06:00+05:30,100.75,100.6,R
2021-03-26 10:07:00+05:30,100.6,100.55,R
2021-03-26 10:08:00+05:30,100.65,100.55,R
2021-03-26 13:32:00+05:30,103.1,103.05,R
2021-03-26 13:33:00+05:30,103.0,102.95,R
2021-03-26 13:34:00+05:30,103.0,102.95,R
2021-03-30 10:22:00+05:30,103.95,103.9,R
2021-03-30 10:23:00+05:30,103.9,103.8,R
2021-03-30 10:24:00+05:30,103.85,103.8,R
2021-03-30 11:23:00+05:30,104.05,104.0,R
2021-03-30 11:24:00+05:30,104.0,103.95,R
2021-03-30 11:25:00+05:30,104.0,103.95,R
2021-03-30 13:09:00+05:30,103.2,103.15,R
2021-03-30 13:10:00+05:30,103.15,103.1,R
2021-03-30 13:11:00+05:30,103.15,103.1,R
2021-03-30 13:37:00+05:30,103.5,103.4,R
2021-03-30 13:38:00+05:30,103.4,103.3,R
2021-03-30 13:39:00+05:30,103.35,103.3,R
2021-03-30 14:37:00+05:30,103.7,103.65,R
2021-03-30 14:38:00+05:30,103.65,103.55,R
2021-03-30 14:39:00+05:30,103.6,103.55,R
2021-03-31 10:18:00+05:30,105.3,105.0,R
2021-03-31 10:19:00+05:30,105.05,105.0,R
2021-03-31 10:20:00+05:30,105.1,105.05,R
2021-03-31 11:17:00+05:30,104.8,104.7,R
2021-03-31 11:18:00+05:30,104.75,104.5,R
2021-03-31 11:19:00+05:30,104.6,104.5,R
2021-03-31 12:26:00+05:30,104.55,104.5,R
2021-03-31 12:27:00+05:30,104.55,104.5,R
2021-03-31 12:28:00+05:30,104.6,104.5,R
2021-03-31 12:29:00+05:30,104.5,104.4,R
2021-03-31 12:30:00+05:30,104.4,104.35,R
2021-03-31 12:31:00+05:30,104.4,104.35,R
2021-03-31 13:18:00+05:30,103.75,103.7,R
2021-03-31 13:19:00+05:30,103.75,103.7,R
2021-03-31 13:20:00+05:30,103.75,103.7,R
2021-03-31 14:06:00+05:30,104.15,104.1,R
2021-03-31 14:07:00+05:30,104.1,104.05,R
2021-03-31 14:08:00+05:30,104.1,104.05,R
2021-03-31 14:26:00+05:30,104.0,103.95,R
2021-03-31 14:27:00+05:30,103.95,103.9,R
2021-03-31 14:28:00+05:30,103.95,103.9,R
2021-03-31 14:36:00+05:30,104.1,104.05,R
2021-03-31 14:37:00+05:30,104.05,104.0,R
2021-03-31 14:38:00+05:30,104.05,104.0,R
2021-04-01 09:28:00+05:30,104.15,104.05,R
2021-04-01 09:29:00+05:30,104.05,103.95,R
2021-04-01 09:30:00+05:30,104.0,103.95,R
2021-04-01 09:40:00+05:30,103.8,103.75,R
2021-04-01 09:41:00+05:30,103.7,103.55,R
2021-04-01 09:42:00+05:30,103.6,103.55,R
2021-04-01 10:22:00+05:30,104.4,104.35,R
2021-04-01 10:23:00+05:30,104.35,104.25,R
2021-04-01 10:24:00+05:30,104.3,104.25,R
2021-04-01 10:29:00+05:30,104.5,104.35,R
2021-04-01 10:30:00+05:30,104.35,104.1,R
2021-04-01 10:31:00+05:30,104.15,104.1,R
2021-04-01 11:16:00+05:30,104.1,104.05,R
2021-04-01 11:17:00+05:30,104.0,103.95,R
2021-04-01 11:18:00+05:30,104.0,103.95,R
2021-04-01 13:20:00+05:30,105.15,105.0,R
2021-04-01 13:21:00+05:30,105.05,105.0,R
2021-04-01 13:22:00+05:30,105.1,105.05,R
2021-04-01 13:58:00+05:30,104.7,104.65,R
2021-04-01 13:59:00+05:30,104.65,104.6,R
2021-04-01 14:00:00+05:30,104.7,104.65,R
2021-04-05 14:44:00+05:30,103.35,103.25,R
2021-04-05 14:45:00+05:30,103.2,103.05,R
2021-04-05 14:46:00+05:30,103.15,103.1,R
2021-04-06 10:01:00+05:30,104.4,104.25,R
2021-04-06 10:02:00+05:30,104.3,104.1,R
2021-04-06 10:03:00+05:30,104.15,104.1,R
2021-04-06 12:37:00+05:30,104.85,104.8,R
2021-04-06 12:38:00+05:30,104.9,104.6,R
2021-04-06 12:39:00+05:30,104.65,104.6,R
2021-04-06 14:29:00+05:30,105.05,104.9,R
2021-04-06 14:30:00+05:30,104.9,104.8,R
2021-04-06 14:31:00+05:30,104.85,104.8,R
2021-04-07 09:55:00+05:30,105.1,104.95,R
2021-04-07 09:56:00+05:30,104.95,104.9,R
2021-04-07 09:57:00+05:30,104.95,104.9,R
2021-04-07 11:33:00+05:30,105.1,105.0,R
2021-04-07 11:34:00+05:30,104.95,104.9,R
2021-04-07 11:35:00+05:30,104.95,104.9,R
2021-04-07 11:34:00+05:30,104.95,104.9,R
2021-04-07 11:35:00+05:30,104.95,104.9,R
2021-04-07 11:36:00+05:30,104.95,104.9,R
2021-04-07 13:12:00+05:30,104.9,104.85,R
2021-04-07 13:13:00+05:30,104.85,104.8,R
2021-04-07 13:14:00+05:30,104.9,104.85,R
2021-04-07 14:34:00+05:30,104.9,104.8,R
2021-04-07 14:35:00+05:30,104.65,104.6,R
2021-04-07 14:36:00+05:30,104.7,104.6,R
2021-04-08 09:33:00+05:30,105.3,105.2,R
2021-04-08 09:34:00+05:30,105.15,105.0,R
2021-04-08 09:35:00+05:30,105.1,105.05,R
2021-04-08 10:29:00+05:30,105.05,105.0,R
2021-04-08 10:30:00+05:30,105.1,104.95,R
2021-04-08 10:31:00+05:30,105.0,104.95,R
2021-04-09 09:20:00+05:30,104.9,104.8,R
2021-04-09 09:21:00+05:30,104.75,104.6,R
2021-04-09 09:22:00+05:30,104.65,104.6,R
2021-04-09 10:51:00+05:30,104.95,104.9,R
2021-04-09 10:52:00+05:30,104.9,104.85,R
2021-04-09 10:53:00+05:30,104.9,104.85,R
2021-04-09 12:48:00+05:30,104.65,104.55,R
2021-04-09 12:49:00+05:30,104.6,104.4,R
2021-04-09 12:50:00+05:30,104.45,104.4,R
2021-04-09 14:31:00+05:30,103.6,103.5,R
2021-04-09 14:32:00+05:30,103.45,103.3,R
2021-04-09 14:33:00+05:30,103.35,103.3,R
2021-04-12 11:33:00+05:30,94.4,94.3,R
2021-04-12 11:34:00+05:30,94.35,94.1,R
2021-04-12 11:35:00+05:30,94.15,94.1,R
2021-04-12 12:53:00+05:30,93.05,92.85,R
2021-04-12 12:54:00+05:30,92.9,92.7,R
2021-04-12 12:55:00+05:30,92.75,92.7,R
2021-04-12 12:57:00+05:30,92.7,92.55,R
2021-04-12 12:58:00+05:30,92.55,92.4,R
2021-04-12 12:59:00+05:30,92.45,92.4,R
2021-04-12 13:24:00+05:30,92.4,92.15,R
2021-04-12 13:25:00+05:30,92.15,92.1,R
2021-04-12 13:26:00+05:30,92.15,92.1,R
2021-04-12 13:42:00+05:30,92.2,92.1,R
2021-04-12 13:43:00+05:30,92.05,91.9,R
2021-04-12 13:44:00+05:30,91.95,91.9,R
2021-04-13 09:54:00+05:30,96.1,95.95,R
2021-04-13 09:55:00+05:30,95.9,95.75,R
2021-04-13 09:56:00+05:30,95.8,95.75,R
2021-04-13 11:41:00+05:30,93.2,93.15,R
2021-04-13 11:42:00+05:30,93.1,93.0,R
2021-04-13 11:43:00+05:30,93.05,93.0,R
2021-04-13 12:55:00+05:30,94.65,94.6,R
2021-04-13 12:56:00+05:30,94.55,94.25,R
2021-04-13 12:57:00+05:30,94.3,94.25,R
2021-04-13 14:32:00+05:30,95.3,95.25,R
2021-04-13 14:33:00+05:30,95.25,95.15,R
2021-04-13 14:34:00+05:30,95.2,95.15,R
2021-04-13 15:13:00+05:30,96.05,95.95,R
2021-04-13 15:14:00+05:30,95.85,95.8,R
2021-04-13 15:15:00+05:30,95.85,95.8,R
2021-04-15 13:01:00+05:30,94.25,94.15,R
2021-04-15 13:02:00+05:30,94.2,94.15,R
2021-04-15 13:03:00+05:30,94.2,94.15,R
2021-04-16 10:57:00+05:30,96.4,96.25,R
2021-04-16 10:58:00+05:30,96.3,96.1,R
2021-04-16 10:59:00+05:30,96.2,96.15,R
2021-04-16 11:01:00+05:30,96.3,96.25,R
2021-04-16 11:02:00+05:30,96.25,96.1,R
2021-04-16 11:03:00+05:30,96.2,96.1,R
2021-04-16 12:15:00+05:30,96.3,96.25,R
2021-04-16 12:16:00+05:30,96.3,96.15,R
2021-04-16 12:17:00+05:30,96.2,96.15,R
2021-04-16 13:02:00+05:30,97.55,97.5,R
2021-04-16 13:03:00+05:30,97.5,97.4,R
2021-04-16 13:04:00+05:30,97.45,97.4,R
2021-04-16 14:39:00+05:30,97.75,97.65,R
2021-04-16 14:40:00+05:30,97.7,97.6,R
2021-04-16 14:41:00+05:30,97.7,97.65,R
2021-04-19 13:38:00+05:30,93.8,93.65,R
2021-04-19 13:39:00+05:30,93.65,93.55,R
2021-04-19 13:40:00+05:30,93.6,93.55,R
2021-04-20 10:24:00+05:30,95.1,95.05,R
2021-04-20 10:25:00+05:30,95.1,95.05,R
2021-04-20 10:26:00+05:30,95.1,95.05,R
2021-04-20 11:06:00+05:30,94.8,94.6,R
2021-04-20 11:07:00+05:30,94.65,94.6,R
2021-04-20 11:08:00+05:30,94.65,94.6,R
2021-04-20 11:08:00+05:30,94.65,94.6,R
2021-04-20 11:09:00+05:30,94.65,94.55,R
2021-04-20 11:10:00+05:30,94.6,94.55,R
2021-04-20 11:23:00+05:30,94.65,94.6,R
2021-04-20 11:24:00+05:30,94.65,94.55,R
2021-04-20 11:25:00+05:30,94.6,94.55,R
2021-04-20 11:25:00+05:30,94.6,94.55,R
2021-04-20 11:26:00+05:30,94.5,94.35,R
2021-04-20 11:27:00+05:30,94.4,94.35,R
2021-04-20 13:36:00+05:30,94.6,94.5,R
2021-04-20 13:37:00+05:30,94.5,94.45,R
2021-04-20 13:38:00+05:30,94.5,94.45,R
2021-04-22 09:15:00+05:30,94.0,93.1,R
2021-04-22 09:16:00+05:30,93.25,93.05,R
2021-04-22 09:17:00+05:30,93.2,93.05,R
2021-04-22 09:45:00+05:30,93.9,93.8,R
2021-04-22 09:46:00+05:30,93.75,93.65,R
2021-04-22 09:47:00+05:30,93.7,93.65,R
2021-04-22 10:02:00+05:30,93.8,93.7,R
2021-04-22 10:03:00+05:30,93.7,93.55,R
2021-04-22 10:04:00+05:30,93.65,93.6,R
2021-04-22 12:02:00+05:30,94.3,94.1,R
2021-04-22 12:03:00+05:30,94.15,94.1,R
2021-04-22 12:04:00+05:30,94.15,94.1,R
2021-04-22 15:18:00+05:30,94.15,94.1,R
2021-04-22 15:19:00+05:30,94.2,94.1,R
2021-04-22 15:20:00+05:30,94.15,94.1,R
2021-04-26 11:15:00+05:30,96.45,96.4,R
2021-04-26 11:16:00+05:30,96.45,96.35,R
2021-04-26 11:17:00+05:30,96.4,96.35,R
2021-04-26 13:05:00+05:30,96.5,96.45,R
2021-04-26 13:06:00+05:30,96.45,96.4,R
2021-04-26 13:07:00+05:30,96.45,96.4,R
2021-04-26 13:06:00+05:30,96.45,96.4,R
2021-04-26 13:07:00+05:30,96.45,96.4,R
2021-04-26 13:08:00+05:30,96.45,96.4,R
2021-04-26 13:54:00+05:30,96.4,96.35,R
2021-04-26 13:55:00+05:30,96.35,96.3,R
2021-04-26 13:56:00+05:30,96.4,96.35,R
2021-04-26 13:56:00+05:30,96.4,96.35,R
2021-04-26 13:57:00+05:30,96.4,96.35,R
2021-04-26 13:58:00+05:30,96.4,96.35,R
2021-04-27 09:39:00+05:30,96.9,96.8,R
2021-04-27 09:40:00+05:30,96.85,96.75,R
2021-04-27 09:41:00+05:30,96.8,96.75,R
2021-04-27 11:15:00+05:30,97.9,97.85,R
2021-04-27 11:16:00+05:30,97.85,97.75,R
2021-04-27 11:17:00+05:30,97.8,97.75,R
2021-04-27 13:07:00+05:30,97.55,97.5,R
2021-04-27 13:08:00+05:30,97.55,97.5,R
2021-04-27 13:09:00+05:30,97.55,97.5,R
2021-04-27 13:09:00+05:30,97.55,97.5,R
2021-04-27 13:10:00+05:30,97.5,97.45,R
2021-04-27 13:11:00+05:30,97.5,97.45,R
2021-04-27 13:20:00+05:30,97.5,97.45,R
2021-04-27 13:21:00+05:30,97.45,97.4,R
2021-04-27 13:22:00+05:30,97.45,97.4,R
2021-04-27 14:03:00+05:30,97.65,97.6,R
2021-04-27 14:04:00+05:30,97.6,97.55,R
2021-04-27 14:05:00+05:30,97.6,97.55,R
2021-04-28 10:27:00+05:30,98.2,98.15,R
2021-04-28 10:28:00+05:30,98.15,98.1,R
2021-04-28 10:29:00+05:30,98.15,98.1,R
2021-04-28 13:35:00+05:30,98.7,98.6,R
2021-04-28 13:36:00+05:30,98.65,98.5,R
2021-04-28 13:37:00+05:30,98.55,98.5,R
2021-04-28 14:24:00+05:30,98.1,98.0,R
2021-04-28 14:25:00+05:30,98.0,97.95,R
2021-04-28 14:26:00+05:30,98.0,97.95,R
2021-04-29 11:28:00+05:30,98.35,98.25,R
2021-04-29 11:29:00+05:30,98.25,98.1,R
2021-04-29 11:30:00+05:30,98.15,98.1,R
2021-04-29 14:21:00+05:30,98.4,98.3,R
2021-04-29 14:22:00+05:30,98.3,98.15,R
2021-04-29 14:23:00+05:30,98.2,98.15,R
2021-04-30 11:09:00+05:30,100.5,100.45,R
2021-04-30 11:10:00+05:30,100.5,100.4,R
2021-04-30 11:11:00+05:30,100.7,100.55,R
2021-04-30 13:22:00+05:30,100.5,100.45,R
2021-04-30 13:23:00+05:30,100.45,100.4,R
2021-04-30 13:24:00+05:30,100.45,100.4,R
2021-05-03 11:29:00+05:30,98.6,98.55,R
2021-05-03 11:30:00+05:30,98.5,98.35,R
2021-05-03 11:31:00+05:30,98.45,98.4,R
2021-05-03 15:22:00+05:30,99.8,99.7,R
2021-05-03 15:23:00+05:30,99.75,99.7,R
2021-05-03 15:24:00+05:30,99.75,99.7,R
2021-05-04 13:00:00+05:30,102.3,102.1,R
2021-05-04 13:01:00+05:30,102.15,102.05,R
2021-05-04 13:02:00+05:30,102.1,102.05,R
2021-05-04 13:20:00+05:30,101.3,101.2,R
2021-05-04 13:21:00+05:30,101.25,101.15,R
2021-05-04 13:22:00+05:30,101.2,101.15,R
2021-05-04 13:47:00+05:30,101.85,101.8,R
2021-05-04 13:48:00+05:30,101.85,101.7,R
2021-05-04 13:49:00+05:30,101.75,101.7,R
2021-05-04 14:42:00+05:30,100.9,100.85,R
2021-05-04 14:43:00+05:30,100.8,100.6,R
2021-05-04 14:44:00+05:30,100.7,100.6,R
2021-05-05 09:45:00+05:30,101.6,101.35,R
2021-05-05 09:46:00+05:30,101.3,101.25,R
2021-05-05 09:47:00+05:30,101.3,101.25,R
2021-05-05 11:31:00+05:30,101.4,101.3,R
2021-05-05 11:32:00+05:30,101.25,101.2,R
2021-05-05 11:33:00+05:30,101.3,101.2,R
2021-05-05 13:08:00+05:30,101.75,101.7,R
2021-05-05 13:09:00+05:30,101.7,101.65,R
2021-05-05 13:10:00+05:30,101.7,101.65,R
2021-05-05 15:25:00+05:30,102.1,102.05,R
2021-05-05 15:26:00+05:30,102.05,101.9,R
2021-05-05 15:27:00+05:30,101.95,101.9,R
2021-05-06 09:27:00+05:30,104.4,104.2,R
2021-05-06 09:28:00+05:30,104.15,103.9,R
2021-05-06 09:29:00+05:30,104.0,103.9,R
2021-05-06 09:35:00+05:30,103.6,103.45,R
2021-05-06 09:36:00+05:30,103.45,103.4,R
2021-05-06 09:37:00+05:30,103.45,103.4,R
2021-05-06 09:51:00+05:30,103.6,103.5,R
2021-05-06 09:52:00+05:30,103.5,103.35,R
2021-05-06 09:53:00+05:30,103.4,103.35,R
2021-05-06 11:35:00+05:30,102.3,102.25,R
2021-05-06 11:36:00+05:30,102.3,102.25,R
2021-05-06 11:37:00+05:30,102.3,102.25,R
2021-05-06 12:31:00+05:30,102.25,102.2,R
2021-05-06 12:32:00+05:30,102.2,102.15,R
2021-05-06 12:33:00+05:30,102.2,102.15,R
2021-05-06 15:19:00+05:30,103.05,103.0,R
2021-05-06 15:20:00+05:30,103.0,102.9,R
2021-05-06 15:21:00+05:30,102.95,102.9,R
2021-05-07 11:56:00+05:30,103.35,103.3,R
2021-05-07 11:57:00+05:30,103.35,103.2,R
2021-05-07 11:58:00+05:30,103.25,103.2,R
2021-05-07 11:59:00+05:30,103.2,103.1,R
2021-05-07 12:00:00+05:30,103.15,103.05,R
2021-05-07 12:01:00+05:30,103.1,103.05,R
2021-05-07 12:45:00+05:30,103.15,103.1,R
2021-05-07 12:46:00+05:30,103.1,103.0,R
2021-05-07 12:47:00+05:30,103.1,103.05,R
2021-05-07 15:05:00+05:30,103.05,102.9,R
2021-05-07 15:06:00+05:30,102.9,102.75,R
2021-05-07 15:07:00+05:30,102.85,102.8,R
2021-05-10 10:52:00+05:30,106.1,106.05,R
2021-05-10 10:53:00+05:30,106.0,105.85,R
2021-05-10 10:54:00+05:30,105.9,105.85,R
2021-05-10 12:31:00+05:30,105.65,105.55,R
2021-05-10 12:32:00+05:30,105.6,105.55,R
2021-05-10 12:33:00+05:30,105.6,105.55,R
2021-05-10 15:17:00+05:30,110.3,110.05,R
2021-05-10 15:18:00+05:30,110.1,109.85,R
2021-05-10 15:19:00+05:30,109.9,109.85,R
2021-05-11 11:05:00+05:30,110.3,110.2,R
2021-05-11 11:06:00+05:30,110.25,110.1,R
2021-05-11 11:07:00+05:30,110.2,110.1,R
2021-05-11 11:45:00+05:30,109.75,109.7,R
2021-05-11 11:46:00+05:30,109.7,109.4,R
2021-05-11 11:47:00+05:30,109.5,109.45,R
2021-05-11 11:47:00+05:30,109.5,109.45,R
2021-05-11 11:48:00+05:30,109.45,109.35,R
2021-05-11 11:49:00+05:30,109.45,109.4,R
2021-05-11 12:02:00+05:30,109.5,109.4,R
2021-05-11 12:03:00+05:30,109.4,109.2,R
2021-05-11 12:04:00+05:30,109.25,109.2,R
2021-05-11 12:11:00+05:30,109.15,109.05,R
2021-05-11 12:12:00+05:30,109.05,108.85,R
2021-05-11 12:13:00+05:30,108.9,108.85,R
2021-05-11 14:53:00+05:30,109.45,109.4,R
2021-05-11 14:54:00+05:30,109.4,109.3,R
2021-05-11 14:55:00+05:30,109.35,109.3,R
2021-05-12 09:57:00+05:30,107.65,107.4,R
2021-05-12 09:58:00+05:30,107.45,107.35,R
2021-05-12 09:59:00+05:30,107.45,107.4,R
2021-05-12 14:16:00+05:30,107.95,107.85,R
2021-05-12 14:17:00+05:30,107.9,107.8,R
2021-05-12 14:18:00+05:30,107.85,107.8,R
2021-05-14 10:43:00+05:30,102.95,102.85,R
2021-05-14 10:44:00+05:30,102.9,102.65,R
2021-05-14 10:45:00+05:30,102.7,102.65,R
2021-05-14 10:45:00+05:30,102.7,102.65,R
2021-05-14 10:46:00+05:30,102.6,102.5,R
2021-05-14 10:47:00+05:30,102.55,102.5,R
2021-05-14 11:35:00+05:30,102.4,102.35,R
2021-05-14 11:36:00+05:30,102.35,102.2,R
2021-05-14 11:37:00+05:30,102.3,102.2,R
2021-05-14 13:14:00+05:30,102.65,102.6,R
2021-05-14 13:15:00+05:30,102.5,102.4,R
2021-05-14 13:16:00+05:30,102.45,102.4,R
2021-05-14 13:55:00+05:30,102.5,102.45,R
2021-05-14 13:56:00+05:30,102.4,102.1,R
2021-05-14 13:57:00+05:30,102.25,102.2,R
2021-05-14 14:56:00+05:30,101.7,101.6,R
2021-05-14 14:57:00+05:30,101.6,101.55,R
2021-05-14 14:58:00+05:30,101.6,101.55,R
2021-05-17 09:36:00+05:30,103.55,103.35,R
2021-05-17 09:37:00+05:30,103.35,103.15,R
2021-05-17 09:38:00+05:30,103.25,103.2,R
2021-05-17 12:30:00+05:30,103.4,103.25,R
2021-05-17 12:31:00+05:30,103.3,103.25,R
2021-05-17 12:32:00+05:30,103.3,103.25,R
2021-05-17 14:51:00+05:30,102.9,102.85,R
2021-05-17 14:52:00+05:30,102.9,102.85,R
2021-05-17 14:53:00+05:30,102.9,102.85,R
2021-05-18 09:23:00+05:30,105.6,105.45,R
2021-05-18 09:24:00+05:30,105.4,105.35,R
2021-05-18 09:25:00+05:30,105.4,105.35,R
2021-05-18 10:34:00+05:30,107.15,107.05,R
2021-05-18 10:35:00+05:30,107.0,106.9,R
2021-05-18 10:36:00+05:30,106.95,106.9,R
2021-05-18 11:15:00+05:30,106.4,106.3,R
2021-05-18 11:16:00+05:30,106.3,106.25,R
2021-05-18 11:17:00+05:30,106.3,106.25,R
2021-05-18 11:16:00+05:30,106.3,106.25,R
2021-05-18 11:17:00+05:30,106.3,106.25,R
2021-05-18 11:18:00+05:30,106.3,106.25,R
2021-05-18 12:17:00+05:30,105.8,105.7,R
2021-05-18 12:18:00+05:30,105.7,105.65,R
2021-05-18 12:19:00+05:30,105.7,105.65,R
2021-05-18 12:18:00+05:30,105.7,105.65,R
2021-05-18 12:19:00+05:30,105.7,105.65,R
2021-05-18 12:20:00+05:30,105.7,105.65,R
2021-05-19 09:31:00+05:30,106.9,106.85,R
2021-05-19 09:32:00+05:30,106.85,106.7,R
2021-05-19 09:33:00+05:30,106.8,106.7,R
2021-05-19 09:54:00+05:30,106.65,106.6,R
2021-05-19 09:55:00+05:30,106.7,106.55,R
2021-05-19 09:56:00+05:30,106.65,106.6,R
2021-05-19 10:14:00+05:30,106.6,106.5,R
2021-05-19 10:15:00+05:30,106.55,106.45,R
2021-05-19 10:16:00+05:30,106.5,106.45,R
2021-05-19 10:15:00+05:30,106.55,106.45,R
2021-05-19 10:16:00+05:30,106.5,106.45,R
2021-05-19 10:17:00+05:30,106.5,106.45,R
2021-05-19 10:24:00+05:30,105.95,105.85,R
2021-05-19 10:25:00+05:30,105.9,105.85,R
2021-05-19 10:26:00+05:30,105.9,105.85,R
2021-05-19 13:27:00+05:30,105.2,105.1,R
2021-05-19 13:28:00+05:30,105.15,105.05,R
2021-05-19 13:29:00+05:30,105.1,105.05,R
2021-05-20 14:05:00+05:30,103.4,103.35,R
2021-05-20 14:06:00+05:30,103.35,103.3,R
2021-05-20 14:07:00+05:30,103.35,103.3,R
2021-05-21 09:58:00+05:30,105.6,105.5,R
2021-05-21 09:59:00+05:30,105.55,105.4,R
2021-05-21 10:00:00+05:30,105.5,105.45,R
2021-05-21 11:12:00+05:30,105.7,105.6,R
2021-05-21 11:13:00+05:30,105.65,105.55,R
2021-05-21 11:14:00+05:30,105.6,105.55,R
2021-05-21 11:46:00+05:30,105.55,105.5,R
2021-05-21 11:47:00+05:30,105.5,105.4,R
2021-05-21 11:48:00+05:30,105.45,105.4,R
2021-05-24 09:40:00+05:30,105.4,105.35,R
2021-05-24 09:41:00+05:30,105.4,105.35,R
2021-05-24 09:42:00+05:30,105.4,105.35,R
2021-05-24 09:48:00+05:30,105.15,105.1,R
2021-05-24 09:49:00+05:30,105.05,105.0,R
2021-05-24 09:50:00+05:30,105.05,105.0,R
2021-05-24 10:02:00+05:30,104.9,104.8,R
2021-05-24 10:03:00+05:30,104.8,104.7,R
2021-05-24 10:04:00+05:30,104.8,104.7,R
2021-05-24 13:08:00+05:30,107.7,107.6,R
2021-05-24 13:09:00+05:30,107.65,107.6,R
2021-05-24 13:10:00+05:30,107.65,107.6,R
2021-05-24 13:09:00+05:30,107.65,107.6,R
2021-05-24 13:10:00+05:30,107.65,107.6,R
2021-05-24 13:11:00+05:30,107.65,107.6,R
2021-05-24 13:49:00+05:30,107.15,107.1,R
2021-05-24 13:50:00+05:30,107.15,107.0,R
2021-05-24 13:51:00+05:30,107.1,107.05,R
2021-05-24 14:51:00+05:30,107.2,107.05,R
2021-05-24 14:52:00+05:30,107.05,107.0,R
2021-05-24 14:53:00+05:30,107.05,107.0,R
2021-05-24 15:22:00+05:30,107.65,107.5,R
2021-05-24 15:23:00+05:30,107.55,107.45,R
2021-05-24 15:24:00+05:30,107.55,107.5,R
2021-05-25 11:34:00+05:30,108.3,108.2,R
2021-05-25 11:35:00+05:30,108.2,108.15,R
2021-05-25 11:36:00+05:30,108.25,108.2,R
2021-05-25 13:00:00+05:30,108.3,108.25,R
2021-05-25 13:01:00+05:30,108.25,108.15,R
2021-05-25 13:02:00+05:30,108.2,108.15,R
2021-05-25 13:23:00+05:30,107.55,107.4,R
2021-05-25 13:24:00+05:30,107.4,107.35,R
2021-05-25 13:25:00+05:30,107.4,107.35,R
2021-05-25 13:24:00+05:30,107.4,107.35,R
2021-05-25 13:25:00+05:30,107.4,107.35,R
2021-05-25 13:26:00+05:30,107.4,107.35,R
2021-05-25 14:39:00+05:30,107.6,107.55,R
2021-05-25 14:40:00+05:30,107.55,107.5,R
2021-05-25 14:41:00+05:30,107.55,107.5,R
2021-05-25 14:46:00+05:30,107.45,107.35,R
2021-05-25 14:47:00+05:30,107.45,107.25,R
2021-05-25 14:48:00+05:30,107.3,107.25,R
2021-05-26 13:52:00+05:30,106.85,106.8,R
2021-05-26 13:53:00+05:30,106.8,106.75,R
2021-05-26 13:54:00+05:30,106.8,106.75,R
2021-05-26 14:21:00+05:30,106.75,106.7,R
2021-05-26 14:22:00+05:30,106.7,106.65,R
2021-05-26 14:23:00+05:30,106.7,106.65,R
2021-05-26 14:23:00+05:30,106.7,106.65,R
2021-05-26 14:24:00+05:30,106.7,106.6,R
2021-05-26 14:25:00+05:30,106.65,106.6,R
2021-05-26 14:46:00+05:30,106.3,106.15,R
2021-05-26 14:47:00+05:30,106.15,106.1,R
2021-05-26 14:48:00+05:30,106.15,106.1,R
2021-05-26 14:50:00+05:30,106.2,106.1,R
2021-05-26 14:51:00+05:30,106.2,106.05,R
2021-05-26 14:52:00+05:30,106.1,106.05,R
2021-05-27 09:32:00+05:30,105.3,105.2,R
2021-05-27 09:33:00+05:30,105.2,105.15,R
2021-05-27 09:34:00+05:30,105.2,105.15,R
2021-05-27 10:38:00+05:30,105.55,105.45,R
2021-05-27 10:39:00+05:30,105.5,105.4,R
2021-05-27 10:40:00+05:30,105.5,105.4,R
2021-05-27 10:39:00+05:30,105.5,105.4,R
2021-05-27 10:40:00+05:30,105.5,105.4,R
2021-05-27 10:41:00+05:30,105.45,105.4,R
2021-05-27 11:41:00+05:30,105.55,105.5,R
2021-05-27 11:42:00+05:30,105.5,105.45,R
2021-05-27 11:43:00+05:30,105.55,105.45,R
2021-05-27 12:12:00+05:30,106.1,106.05,R
2021-05-27 12:13:00+05:30,106.05,106.0,R
2021-05-27 12:14:00+05:30,106.05,106.0,R
2021-05-27 12:13:00+05:30,106.05,106.0,R
2021-05-27 12:14:00+05:30,106.05,106.0,R
2021-05-27 12:15:00+05:30,106.05,106.0,R
2021-05-27 13:14:00+05:30,106.8,106.75,R
2021-05-27 13:15:00+05:30,106.8,106.7,R
2021-05-27 13:16:00+05:30,106.75,106.7,R
2021-05-27 14:51:00+05:30,105.95,105.9,R
2021-05-27 14:52:00+05:30,105.9,105.85,R
2021-05-27 14:53:00+05:30,105.9,105.85,R
2021-05-27 15:25:00+05:30,106.65,106.6,R
2021-05-27 15:26:00+05:30,106.65,106.6,R
2021-05-27 15:27:00+05:30,106.65,106.6,R
2021-05-28 09:49:00+05:30,106.85,106.7,R
2021-05-28 09:50:00+05:30,106.7,106.6,R
2021-05-28 09:51:00+05:30,106.7,106.65,R
2021-05-28 09:59:00+05:30,106.8,106.6,R
2021-05-28 10:00:00+05:30,106.65,106.55,R
2021-05-28 10:01:00+05:30,106.6,106.55,R
2021-05-28 10:17:00+05:30,106.3,106.25,R
2021-05-28 10:18:00+05:30,106.25,106.15,R
2021-05-28 10:19:00+05:30,106.2,106.15,R
2021-05-31 14:16:00+05:30,106.4,106.35,R
2021-05-31 14:17:00+05:30,106.35,106.3,R
2021-05-31 14:18:00+05:30,106.35,106.3,R
2021-06-01 11:06:00+05:30,105.0,104.8,R
2021-06-01 11:07:00+05:30,104.85,104.8,R
2021-06-01 11:08:00+05:30,104.85,104.8,R
2021-06-01 13:06:00+05:30,104.6,104.5,R
2021-06-01 13:07:00+05:30,104.55,104.5,R
2021-06-01 13:08:00+05:30,104.55,104.5,R
2021-06-01 13:54:00+05:30,104.65,104.6,R
2021-06-01 13:55:00+05:30,104.6,104.5,R
2021-06-01 13:56:00+05:30,104.55,104.5,R
2021-06-01 13:55:00+05:30,104.6,104.5,R
2021-06-01 13:56:00+05:30,104.55,104.5,R
2021-06-01 13:57:00+05:30,104.55,104.5,R
2021-06-01 14:40:00+05:30,104.7,104.6,R
2021-06-01 14:41:00+05:30,104.6,104.55,R
2021-06-01 14:42:00+05:30,104.6,104.55,R
2021-06-02 09:28:00+05:30,106.1,105.8,R
2021-06-02 09:29:00+05:30,105.85,105.6,R
2021-06-02 09:30:00+05:30,105.65,105.6,R
2021-06-02 11:01:00+05:30,106.9,106.85,R
2021-06-02 11:02:00+05:30,106.9,106.85,R
2021-06-02 11:03:00+05:30,106.9,106.85,R
2021-06-02 15:09:00+05:30,108.3,108.25,R
2021-06-02 15:10:00+05:30,108.3,108.05,R
2021-06-02 15:11:00+05:30,108.1,108.05,R
2021-06-03 09:40:00+05:30,109.75,109.6,R
2021-06-03 09:41:00+05:30,109.6,109.5,R
2021-06-03 09:42:00+05:30,109.6,109.5,R
2021-06-03 11:39:00+05:30,109.35,109.25,R
2021-06-03 11:40:00+05:30,109.25,109.1,R
2021-06-03 11:41:00+05:30,109.2,109.1,R
2021-06-03 11:41:00+05:30,109.2,109.1,R
2021-06-03 11:42:00+05:30,109.1,109.05,R
2021-06-03 11:43:00+05:30,109.15,109.1,R
2021-06-03 12:38:00+05:30,108.9,108.85,R
2021-06-03 12:39:00+05:30,108.85,108.8,R
2021-06-03 12:40:00+05:30,108.85,108.8,R
2021-06-03 13:52:00+05:30,108.6,108.55,R
2021-06-03 13:53:00+05:30,108.6,108.55,R
2021-06-03 13:54:00+05:30,108.6,108.55,R
2021-06-03 14:35:00+05:30,108.4,108.35,R
2021-06-03 14:36:00+05:30,108.4,108.35,R
2021-06-03 14:37:00+05:30,108.4,108.35,R
2021-06-03 14:36:00+05:30,108.4,108.35,R
2021-06-03 14:37:00+05:30,108.4,108.35,R
2021-06-03 14:38:00+05:30,108.4,108.35,R
2021-06-04 10:20:00+05:30,108.4,108.3,R
2021-06-04 10:21:00+05:30,108.35,108.3,R
2021-06-04 10:22:00+05:30,108.35,108.3,R
2021-06-04 10:33:00+05:30,108.2,108.15,R
2021-06-04 10:34:00+05:30,108.15,108.05,R
2021-06-04 10:35:00+05:30,108.1,108.05,R
2021-06-04 10:45:00+05:30,108.0,107.95,R
2021-06-04 10:46:00+05:30,108.0,107.9,R
2021-06-04 10:47:00+05:30,107.95,107.9,R
2021-06-04 13:03:00+05:30,108.4,108.3,R
2021-06-04 13:04:00+05:30,108.3,108.1,R
2021-06-04 13:05:00+05:30,108.15,108.1,R
2021-06-04 13:51:00+05:30,107.65,107.6,R
2021-06-04 13:52:00+05:30,107.65,107.6,R
2021-06-04 13:53:00+05:30,107.65,107.6,R
2021-06-07 10:26:00+05:30,112.85,112.6,R
2021-06-07 10:27:00+05:30,112.6,112.25,R
2021-06-07 10:28:00+05:30,112.35,112.25,R
2021-06-07 10:27:00+05:30,112.6,112.25,R
2021-06-07 10:28:00+05:30,112.35,112.25,R
2021-06-07 10:29:00+05:30,112.3,112.25,R
2021-06-07 14:06:00+05:30,114.35,114.25,R
2021-06-07 14:07:00+05:30,114.2,114.15,R
2021-06-07 14:08:00+05:30,114.25,114.15,R
2021-06-08 11:34:00+05:30,117.85,117.8,R
2021-06-08 11:35:00+05:30,117.75,117.7,R
2021-06-08 11:36:00+05:30,117.8,117.75,R
2021-06-08 13:36:00+05:30,118.05,117.95,R
2021-06-08 13:37:00+05:30,118.0,117.8,R
2021-06-08 13:38:00+05:30,117.9,117.8,R
2021-06-09 10:00:00+05:30,119.9,119.85,R
2021-06-09 10:01:00+05:30,119.8,119.6,R
2021-06-09 10:02:00+05:30,119.7,119.65,R
2021-06-09 12:16:00+05:30,130.8,130.1,R
2021-06-09 12:17:00+05:30,130.0,129.85,R
2021-06-09 12:18:00+05:30,130.0,129.9,R
2021-06-09 14:10:00+05:30,126.9,126.7,R
2021-06-09 14:11:00+05:30,126.65,126.4,R
2021-06-09 14:12:00+05:30,126.6,126.5,R
2021-06-10 09:17:00+05:30,127.5,127.1,R
2021-06-10 09:18:00+05:30,127.2,127.05,R
2021-06-10 09:19:00+05:30,127.15,127.1,R
2021-06-10 14:10:00+05:30,127.35,127.2,R
2021-06-10 14:11:00+05:30,127.25,127.1,R
2021-06-10 14:12:00+05:30,127.15,127.1,R
2021-06-10 14:11:00+05:30,127.25,127.1,R
2021-06-10 14:12:00+05:30,127.15,127.1,R
2021-06-10 14:13:00+05:30,127.15,127.1,R
2021-06-10 15:04:00+05:30,127.8,127.75,R
2021-06-10 15:05:00+05:30,127.75,127.65,R
2021-06-10 15:06:00+05:30,127.75,127.7,R
2021-06-11 09:18:00+05:30,128.0,127.85,R
2021-06-11 09:19:00+05:30,127.85,127.7,R
2021-06-11 09:20:00+05:30,127.8,127.75,R
2021-06-11 11:05:00+05:30,126.05,125.95,R
2021-06-11 11:06:00+05:30,126.0,125.9,R
2021-06-11 11:07:00+05:30,126.0,125.95,R
2021-06-11 11:20:00+05:30,125.8,125.7,R
2021-06-11 11:21:00+05:30,125.7,125.6,R
2021-06-11 11:22:00+05:30,125.65,125.6,R
2021-06-11 11:21:00+05:30,125.7,125.6,R
2021-06-11 11:22:00+05:30,125.65,125.6,R
2021-06-11 11:23:00+05:30,125.65,125.6,R
2021-06-11 13:53:00+05:30,125.85,125.8,R
2021-06-11 13:54:00+05:30,125.8,125.75,R
2021-06-11 13:55:00+05:30,125.85,125.8,R
2021-06-11 14:41:00+05:30,126.1,126.05,R
2021-06-11 14:42:00+05:30,126.1,125.95,R
2021-06-11 14:43:00+05:30,126.0,125.95,R
2021-06-14 14:45:00+05:30,122.7,122.65,R
2021-06-14 14:46:00+05:30,122.65,122.6,R
2021-06-14 14:47:00+05:30,122.7,122.6,R
2021-06-14 15:18:00+05:30,123.6,123.55,R
2021-06-14 15:19:00+05:30,123.55,123.5,R
2021-06-14 15:20:00+05:30,123.55,123.5,R
2021-06-16 10:44:00+05:30,121.0,120.9,R
2021-06-16 10:45:00+05:30,120.9,120.85,R
2021-06-16 10:46:00+05:30,120.9,120.85,R
2021-06-16 10:54:00+05:30,121.0,120.9,R
2021-06-16 10:55:00+05:30,120.8,120.7,R
2021-06-16 10:56:00+05:30,120.75,120.7,R
2021-06-16 15:06:00+05:30,126.8,126.65,R
2021-06-16 15:07:00+05:30,126.7,126.35,R
2021-06-16 15:08:00+05:30,126.4,126.35,R
2021-06-17 11:07:00+05:30,125.15,125.05,R
2021-06-17 11:08:00+05:30,125.05,124.9,R
2021-06-17 11:09:00+05:30,125.0,124.95,R
2021-06-17 11:30:00+05:30,124.85,124.75,R
2021-06-17 11:31:00+05:30,124.75,124.65,R
2021-06-17 11:32:00+05:30,124.7,124.65,R
2021-06-17 12:49:00+05:30,124.75,124.7,R
2021-06-17 12:50:00+05:30,124.65,124.6,R
2021-06-17 12:51:00+05:30,124.65,124.6,R
2021-06-17 14:07:00+05:30,123.7,123.5,R
2021-06-17 14:08:00+05:30,123.5,123.25,R
2021-06-17 14:09:00+05:30,123.3,123.25,R
2021-06-18 09:29:00+05:30,123.45,123.1,R
2021-06-18 09:30:00+05:30,123.1,122.8,R
2021-06-18 09:31:00+05:30,122.9,122.8,R
2021-06-18 09:43:00+05:30,122.1,121.9,R
2021-06-18 09:44:00+05:30,121.9,121.75,R
2021-06-18 09:45:00+05:30,121.9,121.85,R
2021-06-18 10:24:00+05:30,120.95,120.9,R
2021-06-18 10:25:00+05:30,120.9,120.5,R
2021-06-18 10:26:00+05:30,120.6,120.55,R
2021-06-18 10:26:00+05:30,120.6,120.55,R
2021-06-18 10:27:00+05:30,120.6,120.1,R
2021-06-18 10:28:00+05:30,120.15,120.1,R
2021-06-18 13:25:00+05:30,120.1,119.75,R
2021-06-18 13:26:00+05:30,119.8,119.7,R
2021-06-18 13:27:00+05:30,119.75,119.7,R
2021-06-21 10:11:00+05:30,120.35,120.2,R
2021-06-21 10:12:00+05:30,120.2,120.05,R
2021-06-21 10:13:00+05:30,120.1,120.05,R
2021-06-21 11:14:00+05:30,120.1,120.05,R
2021-06-21 11:15:00+05:30,120.05,119.85,R
2021-06-21 11:16:00+05:30,119.95,119.85,R
2021-06-21 14:06:00+05:30,122.65,122.55,R
2021-06-21 14:07:00+05:30,122.55,122.4,R
2021-06-21 14:08:00+05:30,122.5,122.45,R
2021-06-21 14:19:00+05:30,122.85,122.6,R
2021-06-21 14:20:00+05:30,122.55,122.5,R
2021-06-21 14:21:00+05:30,122.55,122.5,R
2021-06-21 14:57:00+05:30,123.6,123.5,R
2021-06-21 14:58:00+05:30,123.5,123.4,R
2021-06-21 14:59:00+05:30,123.5,123.4,R
2021-06-21 15:00:00+05:30,123.5,123.3,R
2021-06-21 15:01:00+05:30,123.3,123.2,R
2021-06-21 15:02:00+05:30,123.25,123.2,R
2021-06-22 11:33:00+05:30,122.85,122.75,R
2021-06-22 11:34:00+05:30,122.8,122.6,R
2021-06-22 11:35:00+05:30,122.65,122.6,R
2021-06-22 14:47:00+05:30,122.55,122.5,R
2021-06-22 14:48:00+05:30,122.55,122.3,R
2021-06-22 14:49:00+05:30,122.4,122.35,R
2021-06-23 09:20:00+05:30,122.5,122.2,R
2021-06-23 09:21:00+05:30,122.05,121.85,R
2021-06-23 09:22:00+05:30,121.9,121.85,R
2021-06-23 10:11:00+05:30,122.3,122.25,R
2021-06-23 10:12:00+05:30,122.3,122.15,R
2021-06-23 10:13:00+05:30,122.2,122.15,R
2021-06-23 10:12:00+05:30,122.3,122.15,R
2021-06-23 10:13:00+05:30,122.2,122.15,R
2021-06-23 10:14:00+05:30,122.2,122.15,R
2021-06-23 10:26:00+05:30,122.4,122.3,R
2021-06-23 10:27:00+05:30,122.3,122.25,R
2021-06-23 10:28:00+05:30,122.3,122.25,R
2021-06-23 10:58:00+05:30,122.55,122.45,R
2021-06-23 10:59:00+05:30,122.5,122.45,R
2021-06-23 11:00:00+05:30,122.5,122.45,R
2021-06-23 11:22:00+05:30,122.45,122.4,R
2021-06-23 11:23:00+05:30,122.45,122.35,R
2021-06-23 11:24:00+05:30,122.45,122.4,R
2021-06-23 11:38:00+05:30,122.6,122.55,R
2021-06-23 11:39:00+05:30,122.55,122.45,R
2021-06-23 11:40:00+05:30,122.5,122.45,R
2021-06-23 14:38:00+05:30,121.35,121.1,R
2021-06-23 14:39:00+05:30,121.1,121.0,R
2021-06-23 14:40:00+05:30,121.05,121.0,R
2021-06-24 11:19:00+05:30,119.65,119.6,R
2021-06-24 11:20:00+05:30,119.65,119.55,R
2021-06-24 11:21:00+05:30,119.65,119.6,R
2021-06-24 11:32:00+05:30,119.3,119.25,R
2021-06-24 11:33:00+05:30,119.25,119.15,R
2021-06-24 11:34:00+05:30,119.2,119.15,R
2021-06-24 13:02:00+05:30,120.0,119.95,R
2021-06-24 13:03:00+05:30,119.95,119.9,R
2021-06-24 13:04:00+05:30,119.95,119.9,R
2021-06-24 13:55:00+05:30,119.9,119.85,R
2021-06-24 13:56:00+05:30,119.9,119.85,R
2021-06-24 13:57:00+05:30,119.9,119.85,R
2021-06-24 14:56:00+05:30,118.95,118.65,R
2021-06-24 14:57:00+05:30,118.65,118.6,R
2021-06-24 14:58:00+05:30,118.65,118.6,R
2021-06-25 09:28:00+05:30,120.85,120.55,R
2021-06-25 09:29:00+05:30,120.5,120.25,R
2021-06-25 09:30:00+05:30,120.3,120.25,R
2021-06-25 09:55:00+05:30,122.35,122.2,R
2021-06-25 09:56:00+05:30,122.25,121.9,R
2021-06-25 09:57:00+05:30,122.0,121.95,R
2021-06-25 10:02:00+05:30,121.55,121.5,R
2021-06-25 10:03:00+05:30,121.55,121.2,R
2021-06-25 10:04:00+05:30,121.25,121.2,R
2021-06-25 10:35:00+05:30,121.45,121.4,R
2021-06-25 10:36:00+05:30,121.5,121.35,R
2021-06-25 10:37:00+05:30,121.45,121.4,R
2021-06-25 12:28:00+05:30,121.9,121.85,R
2021-06-25 12:29:00+05:30,121.8,121.75,R
2021-06-25 12:30:00+05:30,121.85,121.75,R
2021-06-25 13:51:00+05:30,121.25,121.2,R
2021-06-25 13:52:00+05:30,121.2,121.05,R
2021-06-25 13:53:00+05:30,121.15,121.1,R
2021-06-28 12:44:00+05:30,123.05,123.0,R
2021-06-28 12:45:00+05:30,123.0,122.95,R
2021-06-28 12:46:00+05:30,123.0,122.95,R
2021-06-28 12:49:00+05:30,122.95,122.85,R
2021-06-28 12:50:00+05:30,122.9,122.8,R
2021-06-28 12:51:00+05:30,122.9,122.85,R
2021-06-28 14:57:00+05:30,122.85,122.8,R
2021-06-28 14:58:00+05:30,122.8,122.75,R
2021-06-28 14:59:00+05:30,122.8,122.75,R
2021-06-28 15:26:00+05:30,122.8,122.75,R
2021-06-28 15:27:00+05:30,122.8,122.75,R
2021-06-28 15:28:00+05:30,122.85,122.8,R
2021-06-29 11:48:00+05:30,123.35,123.25,R
2021-06-29 11:49:00+05:30,123.3,123.15,R
2021-06-29 11:50:00+05:30,123.25,123.2,R
2021-06-29 14:08:00+05:30,123.1,123.05,R
2021-06-29 14:09:00+05:30,123.1,123.05,R
2021-06-29 14:10:00+05:30,123.1,123.05,R
2021-06-29 15:16:00+05:30,122.9,122.75,R
2021-06-29 15:17:00+05:30,122.8,122.65,R
2021-06-29 15:18:00+05:30,122.75,122.7,R
2021-06-30 09:40:00+05:30,122.35,122.15,R
2021-06-30 09:41:00+05:30,122.2,122.0,R
2021-06-30 09:42:00+05:30,122.1,122.05,R
2021-06-30 11:07:00+05:30,122.4,122.35,R
2021-06-30 11:08:00+05:30,122.35,122.3,R
2021-06-30 11:09:00+05:30,122.35,122.3,R
2021-06-30 13:58:00+05:30,123.1,123.05,R
2021-06-30 13:59:00+05:30,123.05,123.0,R
2021-06-30 14:00:00+05:30,123.05,123.0,R
2021-06-30 14:34:00+05:30,122.8,122.7,R
2021-06-30 14:35:00+05:30,122.7,122.5,R
2021-06-30 14:36:00+05:30,122.6,122.55,R
2021-07-01 09:45:00+05:30,121.75,121.7,R
2021-07-01 09:46:00+05:30,121.7,121.6,R
2021-07-01 09:47:00+05:30,121.65,121.6,R
2021-07-01 09:46:00+05:30,121.7,121.6,R
2021-07-01 09:47:00+05:30,121.65,121.6,R
2021-07-01 09:48:00+05:30,121.65,121.6,R
2021-07-01 09:54:00+05:30,121.95,121.9,R
2021-07-01 09:55:00+05:30,121.9,121.85,R
2021-07-01 09:56:00+05:30,121.9,121.85,R
2021-07-01 10:57:00+05:30,121.45,121.4,R
2021-07-01 10:58:00+05:30,121.45,121.35,R
2021-07-01 10:59:00+05:30,121.45,121.4,R
2021-07-01 12:13:00+05:30,121.4,121.35,R
2021-07-01 12:14:00+05:30,121.35,121.3,R
2021-07-01 12:15:00+05:30,121.35,121.3,R
2021-07-01 12:14:00+05:30,121.35,121.3,R
2021-07-01 12:15:00+05:30,121.35,121.3,R
2021-07-01 12:16:00+05:30,121.35,121.3,R
2021-07-01 13:09:00+05:30,121.7,121.65,R
2021-07-01 13:10:00+05:30,121.65,121.6,R
2021-07-01 13:11:00+05:30,121.65,121.6,R
2021-07-01 15:01:00+05:30,121.45,121.35,R
2021-07-01 15:02:00+05:30,121.4,121.35,R
2021-07-01 15:03:00+05:30,121.4,121.35,R
2021-07-02 09:58:00+05:30,122.25,122.2,R
2021-07-02 09:59:00+05:30,122.2,122.15,R
2021-07-02 10:00:00+05:30,122.2,122.15,R
2021-07-02 10:00:00+05:30,122.2,122.15,R
2021-07-02 10:01:00+05:30,122.1,122.05,R
2021-07-02 10:02:00+05:30,122.1,122.05,R
2021-07-02 10:30:00+05:30,122.1,122.05,R
2021-07-02 10:31:00+05:30,122.1,122.0,R
2021-07-02 10:32:00+05:30,122.05,122.0,R
2021-07-02 10:42:00+05:30,122.0,121.95,R
2021-07-02 10:43:00+05:30,122.0,121.9,R
2021-07-02 10:44:00+05:30,121.95,121.9,R
2021-07-02 11:11:00+05:30,121.85,121.8,R
2021-07-02 11:12:00+05:30,121.85,121.75,R
2021-07-02 11:13:00+05:30,121.8,121.75,R
2021-07-02 13:49:00+05:30,121.15,121.1,R
2021-07-02 13:50:00+05:30,121.1,121.0,R
2021-07-02 13:51:00+05:30,121.05,121.0,R
2021-07-02 14:01:00+05:30,121.05,120.95,R
2021-07-02 14:02:00+05:30,121.0,120.9,R
2021-07-02 14:03:00+05:30,120.95,120.9,R
2021-07-05 10:40:00+05:30,125.85,125.75,R
2021-07-05 10:41:00+05:30,125.75,125.65,R
2021-07-05 10:42:00+05:30,125.75,125.7,R
2021-07-05 11:09:00+05:30,126.05,126.0,R
2021-07-05 11:10:00+05:30,126.0,125.9,R
2021-07-05 11:11:00+05:30,125.95,125.9,R
2021-07-05 14:42:00+05:30,126.0,125.95,R
2021-07-05 14:43:00+05:30,125.9,125.8,R
2021-07-05 14:44:00+05:30,125.85,125.8,R
2021-07-05 15:25:00+05:30,125.9,125.8,R
2021-07-05 15:26:00+05:30,125.8,125.75,R
2021-07-05 15:27:00+05:30,125.8,125.75,R
2021-07-05 15:26:00+05:30,125.8,125.75,R
2021-07-05 15:27:00+05:30,125.8,125.75,R
2021-07-05 15:28:00+05:30,125.8,125.75,R
2021-07-06 11:53:00+05:30,126.1,126.05,R
2021-07-06 11:54:00+05:30,126.05,125.9,R
2021-07-06 11:55:00+05:30,126.0,125.9,R
2021-07-06 12:18:00+05:30,125.9,125.85,R
2021-07-06 12:19:00+05:30,125.9,125.85,R
2021-07-06 12:20:00+05:30,125.9,125.85,R
2021-07-06 12:19:00+05:30,125.9,125.85,R
2021-07-06 12:20:00+05:30,125.9,125.85,R
2021-07-06 12:21:00+05:30,125.9,125.85,R
2021-07-07 10:56:00+05:30,122.65,122.6,R
2021-07-07 10:57:00+05:30,122.6,122.4,R
2021-07-07 10:58:00+05:30,122.45,122.4,R
2021-07-07 10:57:00+05:30,122.6,122.4,R
2021-07-07 10:58:00+05:30,122.45,122.4,R
2021-07-07 10:59:00+05:30,122.45,122.4,R
2021-07-07 10:58:00+05:30,122.45,122.4,R
2021-07-07 10:59:00+05:30,122.45,122.4,R
2021-07-07 11:00:00+05:30,122.5,122.45,R
2021-07-07 12:18:00+05:30,122.65,122.6,R
2021-07-07 12:19:00+05:30,122.65,122.6,R
2021-07-07 12:20:00+05:30,122.7,122.6,R
2021-07-07 14:07:00+05:30,123.7,123.6,R
2021-07-07 14:08:00+05:30,123.6,123.55,R
2021-07-07 14:09:00+05:30,123.6,123.55,R
2021-07-08 13:59:00+05:30,123.35,123.15,R
2021-07-08 14:00:00+05:30,123.1,123.05,R
2021-07-08 14:01:00+05:30,123.15,123.05,R
2021-07-08 14:24:00+05:30,123.25,123.2,R
2021-07-08 14:25:00+05:30,123.25,122.85,R
2021-07-08 14:26:00+05:30,122.95,122.85,R
2021-07-09 09:35:00+05:30,123.2,123.15,R
2021-07-09 09:36:00+05:30,123.1,122.9,R
2021-07-09 09:37:00+05:30,122.95,122.9,R
2021-07-09 14:32:00+05:30,123.95,123.75,R
2021-07-09 14:33:00+05:30,123.75,123.6,R
2021-07-09 14:34:00+05:30,123.65,123.6,R
2021-07-12 10:42:00+05:30,125.1,125.05,R
2021-07-12 10:43:00+05:30,125.05,124.95,R
2021-07-12 10:44:00+05:30,125.0,124.95,R
2021-07-12 10:43:00+05:30,125.05,124.95,R
2021-07-12 10:44:00+05:30,125.0,124.95,R
2021-07-12 10:45:00+05:30,125.0,124.95,R
2021-07-12 12:13:00+05:30,124.9,124.85,R
2021-07-12 12:14:00+05:30,124.9,124.8,R
2021-07-12 12:15:00+05:30,124.85,124.8,R
2021-07-12 13:09:00+05:30,124.5,124.35,R
2021-07-12 13:10:00+05:30,124.35,124.3,R
2021-07-12 13:11:00+05:30,124.35,124.3,R
2021-07-12 15:13:00+05:30,123.9,123.8,R
2021-07-12 15:14:00+05:30,123.85,123.75,R
2021-07-12 15:15:00+05:30,123.85,123.8,R
2021-07-12 15:28:00+05:30,123.7,123.65,R
2021-07-12 15:29:00+05:30,123.65,123.6,R
2021-07-13 09:15:00+05:30,124.2,124.05,R
2021-07-13 10:04:00+05:30,125.0,124.95,R
2021-07-13 10:05:00+05:30,124.95,124.9,R
2021-07-13 10:06:00+05:30,124.95,124.9,R
2021-07-13 11:28:00+05:30,124.2,124.15,R
2021-07-13 11:29:00+05:30,124.2,124.1,R
2021-07-13 11:30:00+05:30,124.15,124.1,R
2021-07-13 14:01:00+05:30,123.55,123.5,R
2021-07-13 14:02:00+05:30,123.5,123.45,R
2021-07-13 14:03:00+05:30,123.5,123.45,R
2021-07-13 14:47:00+05:30,124.0,123.85,R
2021-07-13 14:48:00+05:30,123.95,123.85,R
2021-07-13 14:49:00+05:30,123.95,123.85,R
2021-07-13 15:05:00+05:30,124.1,124.05,R
2021-07-13 15:06:00+05:30,124.05,124.0,R
2021-07-13 15:07:00+05:30,124.05,124.0,R
2021-07-13 15:20:00+05:30,124.05,124.0,R
2021-07-13 15:21:00+05:30,124.05,124.0,R
2021-07-13 15:22:00+05:30,124.05,124.0,R
2021-07-14 09:48:00+05:30,125.55,125.45,R
2021-07-14 09:49:00+05:30,125.5,125.4,R
2021-07-14 09:50:00+05:30,125.5,125.4,R
2021-07-14 10:43:00+05:30,125.05,125.0,R
2021-07-14 10:44:00+05:30,125.05,124.95,R
2021-07-14 10:45:00+05:30,125.05,125.0,R
2021-07-14 10:45:00+05:30,125.05,125.0,R
2021-07-14 10:46:00+05:30,125.0,124.95,R
2021-07-14 10:47:00+05:30,125.0,124.95,R
2021-07-14 11:44:00+05:30,124.85,124.8,R
2021-07-14 11:45:00+05:30,124.8,124.7,R
2021-07-14 11:46:00+05:30,124.85,124.8,R
2021-07-14 12:07:00+05:30,124.5,124.45,R
2021-07-14 12:08:00+05:30,124.45,124.4,R
2021-07-14 12:09:00+05:30,124.45,124.4,R
2021-07-14 13:17:00+05:30,124.6,124.55,R
2021-07-14 13:18:00+05:30,124.55,124.5,R
2021-07-14 13:19:00+05:30,124.55,124.5,R
2021-07-14 13:18:00+05:30,124.55,124.5,R
2021-07-14 13:19:00+05:30,124.55,124.5,R
2021-07-14 13:20:00+05:30,124.55,124.5,R
2021-07-14 14:58:00+05:30,124.55,124.5,R
2021-07-14 14:59:00+05:30,124.55,124.5,R
2021-07-14 15:00:00+05:30,124.6,124.55,R
2021-07-15 10:10:00+05:30,124.95,124.9,R
2021-07-15 10:11:00+05:30,124.9,124.8,R
2021-07-15 10:12:00+05:30,124.85,124.8,R
2021-07-15 12:44:00+05:30,125.35,125.3,R
2021-07-15 12:45:00+05:30,125.3,125.2,R
2021-07-15 12:46:00+05:30,125.25,125.2,R
2021-07-15 13:23:00+05:30,125.1,125.0,R
2021-07-15 13:24:00+05:30,125.0,124.95,R
2021-07-15 13:25:00+05:30,125.0,124.95,R
2021-07-15 13:37:00+05:30,125.05,125.0,R
2021-07-15 13:38:00+05:30,125.0,124.95,R
2021-07-15 13:39:00+05:30,125.0,124.95,R
2021-07-15 15:04:00+05:30,124.55,124.5,R
2021-07-15 15:05:00+05:30,124.55,124.45,R
2021-07-15 15:06:00+05:30,124.55,124.45,R
2021-07-16 10:11:00+05:30,124.25,124.2,R
2021-07-16 10:12:00+05:30,124.25,124.2,R
2021-07-16 10:13:00+05:30,124.25,124.2,R
2021-07-16 10:51:00+05:30,124.1,124.0,R
2021-07-16 10:52:00+05:30,124.1,124.0,R
2021-07-16 10:53:00+05:30,124.1,124.05,R
2021-07-16 15:19:00+05:30,124.05,124.0,R
2021-07-16 15:20:00+05:30,124.05,123.9,R
2021-07-16 15:21:00+05:30,124.0,123.95,R
2021-07-19 09:56:00+05:30,128.0,127.95,R
2021-07-19 09:57:00+05:30,128.0,127.9,R
2021-07-19 09:58:00+05:30,127.95,127.9,R
2021-07-19 09:59:00+05:30,127.9,127.65,R
2021-07-19 10:00:00+05:30,127.65,127.3,R
2021-07-19 10:01:00+05:30,127.35,127.3,R
2021-07-19 12:09:00+05:30,127.0,126.95,R
2021-07-19 12:10:00+05:30,126.95,126.9,R
2021-07-19 12:11:00+05:30,126.95,126.9,R
2021-07-19 12:30:00+05:30,126.8,126.7,R
2021-07-19 12:31:00+05:30,126.65,126.4,R
2021-07-19 12:32:00+05:30,126.5,126.45,R
2021-07-19 12:32:00+05:30,126.5,126.45,R
2021-07-19 12:33:00+05:30,126.5,126.45,R
2021-07-19 12:34:00+05:30,126.5,126.45,R
2021-07-19 13:52:00+05:30,126.65,126.6,R
2021-07-19 13:53:00+05:30,126.6,126.45,R
2021-07-19 13:54:00+05:30,126.5,126.45,R
2021-07-19 14:31:00+05:30,125.9,125.7,R
2021-07-19 14:32:00+05:30,125.65,125.5,R
2021-07-19 14:33:00+05:30,125.55,125.5,R
2021-07-19 14:32:00+05:30,125.65,125.5,R
2021-07-19 14:33:00+05:30,125.55,125.5,R
2021-07-19 14:34:00+05:30,125.55,125.5,R
2021-07-19 14:35:00+05:30,125.6,125.45,R
2021-07-19 14:36:00+05:30,125.5,125.3,R
2021-07-19 14:37:00+05:30,125.35,125.3,R
2021-07-20 09:35:00+05:30,124.6,124.5,R
2021-07-20 09:36:00+05:30,124.55,124.25,R
2021-07-20 09:37:00+05:30,124.35,124.25,R
2021-07-20 14:35:00+05:30,122.7,122.65,R
2021-07-20 14:36:00+05:30,122.65,122.55,R
2021-07-20 14:37:00+05:30,122.65,122.6,R
2021-07-20 15:01:00+05:30,122.5,122.4,R
2021-07-20 15:02:00+05:30,122.4,122.3,R
2021-07-20 15:03:00+05:30,122.35,122.3,R
2021-07-22 14:34:00+05:30,122.85,122.8,R
2021-07-22 14:35:00+05:30,122.75,122.65,R
2021-07-22 14:36:00+05:30,122.7,122.65,R
2021-07-23 10:21:00+05:30,124.25,124.2,R
2021-07-23 10:22:00+05:30,124.2,124.0,R
2021-07-23 10:23:00+05:30,124.05,124.0,R
2021-07-23 10:45:00+05:30,123.75,123.65,R
2021-07-23 10:46:00+05:30,123.65,123.55,R
2021-07-23 10:47:00+05:30,123.6,123.55,R
2021-07-23 13:43:00+05:30,124.2,124.15,R
2021-07-23 13:44:00+05:30,124.15,124.05,R
2021-07-23 13:45:00+05:30,124.1,124.05,R
2021-07-23 13:45:00+05:30,124.1,124.05,R
2021-07-23 13:46:00+05:30,124.05,124.0,R
2021-07-23 13:47:00+05:30,124.05,124.0,R
2021-07-23 13:57:00+05:30,124.1,124.05,R
2021-07-23 13:58:00+05:30,124.05,124.0,R
2021-07-23 13:59:00+05:30,124.05,124.0,R
2021-07-23 14:19:00+05:30,123.85,123.8,R
2021-07-23 14:20:00+05:30,123.85,123.75,R
2021-07-23 14:21:00+05:30,123.8,123.75,R
2021-07-23 14:20:00+05:30,123.85,123.75,R
2021-07-23 14:21:00+05:30,123.8,123.75,R
2021-07-23 14:22:00+05:30,123.8,123.75,R
2021-07-23 15:06:00+05:30,123.0,122.95,R
2021-07-23 15:07:00+05:30,123.0,122.9,R
2021-07-23 15:08:00+05:30,122.95,122.9,R
2021-07-26 11:40:00+05:30,122.9,122.85,R
2021-07-26 11:41:00+05:30,122.85,122.75,R
2021-07-26 11:42:00+05:30,122.8,122.75,R
2021-07-26 13:29:00+05:30,123.5,123.45,R
2021-07-26 13:30:00+05:30,123.5,123.4,R
2021-07-26 13:31:00+05:30,123.45,123.4,R
2021-07-26 13:31:00+05:30,123.45,123.4,R
2021-07-26 13:32:00+05:30,123.45,123.3,R
2021-07-26 13:33:00+05:30,123.4,123.3,R
2021-07-26 13:51:00+05:30,123.4,123.35,R
2021-07-26 13:52:00+05:30,123.35,123.25,R
2021-07-26 13:53:00+05:30,123.3,123.25,R
2021-07-26 13:52:00+05:30,123.35,123.25,R
2021-07-26 13:53:00+05:30,123.3,123.25,R
2021-07-26 13:54:00+05:30,123.3,123.25,R
2021-07-26 14:34:00+05:30,123.05,122.95,R
2021-07-26 14:35:00+05:30,122.95,122.85,R
2021-07-26 14:36:00+05:30,122.9,122.85,R
2021-07-27 10:31:00+05:30,123.55,123.5,R
2021-07-27 10:32:00+05:30,123.5,123.45,R
2021-07-27 10:33:00+05:30,123.5,123.45,R
2021-07-27 14:06:00+05:30,121.3,121.25,R
2021-07-27 14:07:00+05:30,121.25,121.2,R
2021-07-27 14:08:00+05:30,121.25,121.2,R
2021-07-27 14:13:00+05:30,121.3,121.25,R
2021-07-27 14:14:00+05:30,121.25,121.15,R
2021-07-27 14:15:00+05:30,121.2,121.15,R
2021-07-28 10:16:00+05:30,120.55,120.45,R
2021-07-28 10:17:00+05:30,120.5,120.4,R
2021-07-28 10:18:00+05:30,120.5,120.45,R
2021-07-28 10:26:00+05:30,120.25,120.2,R
2021-07-28 10:27:00+05:30,120.25,120.1,R
2021-07-28 10:28:00+05:30,120.15,120.1,R
2021-07-28 10:27:00+05:30,120.25,120.1,R
2021-07-28 10:28:00+05:30,120.15,120.1,R
2021-07-28 10:29:00+05:30,120.15,120.1,R
2021-07-28 14:57:00+05:30,120.6,120.5,R
2021-07-28 14:58:00+05:30,120.55,120.5,R
2021-07-28 14:59:00+05:30,120.6,120.55,R
2021-07-29 10:58:00+05:30,121.95,121.9,R
2021-07-29 10:59:00+05:30,121.9,121.85,R
2021-07-29 11:00:00+05:30,121.9,121.85,R
2021-07-29 11:12:00+05:30,121.8,121.75,R
2021-07-29 11:13:00+05:30,121.75,121.65,R
2021-07-29 11:14:00+05:30,121.75,121.7,R
2021-07-29 12:26:00+05:30,121.7,121.65,R
2021-07-29 12:27:00+05:30,121.65,121.6,R
2021-07-29 12:28:00+05:30,121.7,121.65,R
2021-07-30 11:35:00+05:30,125.2,125.15,R
2021-07-30 11:36:00+05:30,125.25,125.1,R
2021-07-30 11:37:00+05:30,125.15,125.1,R
2021-07-30 11:55:00+05:30,125.5,125.45,R
2021-07-30 11:56:00+05:30,125.5,125.3,R
2021-07-30 11:57:00+05:30,125.35,125.3,R
2021-07-30 11:56:00+05:30,125.5,125.3,R
2021-07-30 11:57:00+05:30,125.35,125.3,R
2021-07-30 11:58:00+05:30,125.35,125.3,R
2021-07-30 12:03:00+05:30,125.6,125.35,R
2021-07-30 12:04:00+05:30,125.45,125.3,R
2021-07-30 12:05:00+05:30,125.35,125.3,R
2021-08-02 10:21:00+05:30,129.1,129.05,R
2021-08-02 10:22:00+05:30,129.0,128.85,R
2021-08-02 10:23:00+05:30,128.95,128.9,R
2021-08-02 12:34:00+05:30,128.9,128.8,R
2021-08-02 12:35:00+05:30,128.8,128.75,R
2021-08-02 12:36:00+05:30,128.8,128.75,R
2021-08-02 12:35:00+05:30,128.8,128.75,R
2021-08-02 12:36:00+05:30,128.8,128.75,R
2021-08-02 12:37:00+05:30,128.8,128.75,R
2021-08-03 10:20:00+05:30,133.45,133.2,R
2021-08-03 10:21:00+05:30,133.25,133.2,R
2021-08-03 10:22:00+05:30,133.3,133.2,R
2021-08-03 10:34:00+05:30,133.5,133.4,R
2021-08-03 10:35:00+05:30,133.4,133.25,R
2021-08-03 10:36:00+05:30,133.3,133.25,R
2021-08-03 11:15:00+05:30,134.4,134.2,R
2021-08-03 11:16:00+05:30,134.2,134.1,R
2021-08-03 11:17:00+05:30,134.2,134.15,R
2021-08-03 13:31:00+05:30,133.55,133.5,R
2021-08-03 13:32:00+05:30,133.5,133.4,R
2021-08-03 13:33:00+05:30,133.5,133.45,R
2021-08-03 14:00:00+05:30,133.3,133.05,R
2021-08-03 14:01:00+05:30,133.1,133.0,R
2021-08-03 14:02:00+05:30,133.05,133.0,R
2021-08-03 14:27:00+05:30,133.35,133.2,R
2021-08-03 14:28:00+05:30,133.2,133.15,R
2021-08-03 14:29:00+05:30,133.2,133.15,R
2021-08-04 09:46:00+05:30,132.45,132.2,R
2021-08-04 09:47:00+05:30,132.2,132.15,R
2021-08-04 09:48:00+05:30,132.2,132.15,R
2021-08-04 09:47:00+05:30,132.2,132.15,R
2021-08-04 09:48:00+05:30,132.2,132.15,R
2021-08-04 09:49:00+05:30,132.2,132.15,R
2021-08-04 10:01:00+05:30,132.6,132.4,R
2021-08-04 10:02:00+05:30,132.5,132.4,R
2021-08-04 10:03:00+05:30,132.45,132.4,R
2021-08-04 14:26:00+05:30,132.45,132.4,R
2021-08-04 14:27:00+05:30,132.4,132.3,R
2021-08-04 14:28:00+05:30,132.35,132.3,R
2021-08-04 15:08:00+05:30,131.85,131.7,R
2021-08-04 15:09:00+05:30,131.8,131.7,R
2021-08-04 15:10:00+05:30,131.85,131.8,R
2021-08-04 15:18:00+05:30,131.65,131.55,R
2021-08-04 15:19:00+05:30,131.55,131.35,R
2021-08-04 15:20:00+05:30,131.45,131.4,R
2021-08-05 09:17:00+05:30,131.75,131.4,R
2021-08-05 09:18:00+05:30,131.45,131.4,R
2021-08-05 09:19:00+05:30,131.5,131.45,R
2021-08-05 12:16:00+05:30,132.45,132.3,R
2021-08-05 12:17:00+05:30,132.25,132.15,R
2021-08-05 12:18:00+05:30,132.2,132.15,R
2021-08-05 13:54:00+05:30,131.95,131.85,R
2021-08-05 13:55:00+05:30,131.95,131.8,R
2021-08-05 13:56:00+05:30,131.85,131.8,R
2021-08-06 09:22:00+05:30,135.8,135.75,R
2021-08-06 09:23:00+05:30,135.75,135.55,R
2021-08-06 09:24:00+05:30,135.65,135.55,R
2021-08-06 10:22:00+05:30,136.35,136.15,R
2021-08-06 10:23:00+05:30,136.15,136.05,R
2021-08-06 10:24:00+05:30,136.1,136.05,R
2021-08-06 11:16:00+05:30,136.25,136.1,R
2021-08-06 11:17:00+05:30,136.15,136.1,R
2021-08-06 11:18:00+05:30,136.15,136.1,R
2021-08-06 12:17:00+05:30,136.5,136.45,R
2021-08-06 12:18:00+05:30,136.4,136.35,R
2021-08-06 12:19:00+05:30,136.4,136.35,R
2021-08-06 12:18:00+05:30,136.4,136.35,R
2021-08-06 12:19:00+05:30,136.4,136.35,R
2021-08-06 12:20:00+05:30,136.4,136.35,R
2021-08-06 12:21:00+05:30,136.35,136.3,R
2021-08-06 12:22:00+05:30,136.3,136.2,R
2021-08-06 12:23:00+05:30,136.25,136.2,R
2021-08-06 13:27:00+05:30,135.7,135.6,R
2021-08-06 13:28:00+05:30,135.6,135.5,R
2021-08-06 13:29:00+05:30,135.6,135.5,R
2021-08-06 09:22:00+05:30,135.8,135.75,R
2021-08-06 09:23:00+05:30,135.75,135.55,R
2021-08-06 09:24:00+05:30,135.65,135.55,R
2021-08-06 10:22:00+05:30,136.35,136.15,R
2021-08-06 10:23:00+05:30,136.15,136.05,R
2021-08-06 10:24:00+05:30,136.1,136.05,R
2021-08-06 11:16:00+05:30,136.25,136.1,R
2021-08-06 11:17:00+05:30,136.15,136.1,R
2021-08-06 11:18:00+05:30,136.15,136.1,R
2021-08-06 12:17:00+05:30,136.5,136.45,R
2021-08-06 12:18:00+05:30,136.4,136.35,R
2021-08-06 12:19:00+05:30,136.4,136.35,R
2021-08-06 12:18:00+05:30,136.4,136.35,R
2021-08-06 12:19:00+05:30,136.4,136.35,R
2021-08-06 12:20:00+05:30,136.4,136.35,R
2021-08-06 12:21:00+05:30,136.35,136.3,R
2021-08-06 12:22:00+05:30,136.3,136.2,R
2021-08-06 12:23:00+05:30,136.25,136.2,R
2021-08-06 13:27:00+05:30,135.7,135.6,R
2021-08-06 13:28:00+05:30,135.6,135.5,R
2021-08-06 13:29:00+05:30,135.6,135.5,R
2021-08-09 10:44:00+05:30,133.15,133.1,R
2021-08-09 10:45:00+05:30,133.1,132.95,R
2021-08-09 10:46:00+05:30,133.0,132.95,R
2021-08-09 12:44:00+05:30,131.9,131.85,R
2021-08-09 12:45:00+05:30,131.85,131.75,R
2021-08-09 12:46:00+05:30,131.8,131.75,R
2021-08-10 10:14:00+05:30,132.05,132.0,R
2021-08-10 10:15:00+05:30,132.05,131.9,R
2021-08-10 10:16:00+05:30,132.0,131.95,R
2021-08-10 10:17:00+05:30,131.95,131.9,R
2021-08-10 10:18:00+05:30,131.9,131.8,R
2021-08-10 10:19:00+05:30,131.85,131.8,R
2021-08-10 13:29:00+05:30,131.4,131.25,R
2021-08-10 13:30:00+05:30,131.3,131.2,R
2021-08-10 13:31:00+05:30,131.3,131.25,R
2021-08-10 14:09:00+05:30,129.1,128.75,R
2021-08-10 14:10:00+05:30,128.7,128.55,R
2021-08-10 14:11:00+05:30,128.7,128.55,R
2021-08-11 09:54:00+05:30,129.05,128.85,R
2021-08-11 09:55:00+05:30,128.85,128.75,R
2021-08-11 09:56:00+05:30,128.8,128.75,R
2021-08-11 10:37:00+05:30,128.25,128.2,R
2021-08-11 10:38:00+05:30,128.2,128.15,R
2021-08-11 10:39:00+05:30,128.2,128.15,R
2021-08-11 10:47:00+05:30,128.35,128.25,R
2021-08-11 10:48:00+05:30,128.35,128.2,R
2021-08-11 10:49:00+05:30,128.25,128.2,R
2021-08-11 10:50:00+05:30,128.25,128.15,R
2021-08-11 10:51:00+05:30,128.05,128.0,R
2021-08-11 10:52:00+05:30,128.05,128.0,R
2021-08-11 14:27:00+05:30,129.2,129.15,R
2021-08-11 14:28:00+05:30,129.15,129.0,R
2021-08-11 14:29:00+05:30,129.1,129.0,R
2021-08-12 09:33:00+05:30,131.4,131.35,R
2021-08-12 09:34:00+05:30,131.35,131.25,R
2021-08-12 09:35:00+05:30,131.3,131.25,R
2021-08-12 12:09:00+05:30,131.7,131.45,R
2021-08-12 12:10:00+05:30,131.5,131.3,R
2021-08-12 12:11:00+05:30,131.4,131.35,R
2021-08-12 12:41:00+05:30,132.1,132.05,R
2021-08-12 12:42:00+05:30,132.05,131.95,R
2021-08-12 12:43:00+05:30,132.0,131.95,R
2021-08-12 12:42:00+05:30,132.05,131.95,R
2021-08-12 12:43:00+05:30,132.0,131.95,R
2021-08-12 12:44:00+05:30,132.0,131.95,R
2021-08-12 14:04:00+05:30,131.75,131.7,R
2021-08-12 14:05:00+05:30,131.7,131.65,R
2021-08-12 14:06:00+05:30,131.75,131.65,R
2021-08-12 14:27:00+05:30,131.5,131.45,R
2021-08-12 14:28:00+05:30,131.45,131.4,R
2021-08-12 14:29:00+05:30,131.5,131.4,R
2021-08-13 09:20:00+05:30,133.75,133.5,R
2021-08-13 09:21:00+05:30,133.5,133.35,R
2021-08-13 09:22:00+05:30,133.4,133.35,R
2021-08-13 09:31:00+05:30,133.95,133.9,R
2021-08-13 09:32:00+05:30,133.9,133.75,R
2021-08-13 09:33:00+05:30,133.8,133.75,R
2021-08-13 10:35:00+05:30,134.1,134.0,R
2021-08-13 10:36:00+05:30,134.0,133.9,R
2021-08-13 10:37:00+05:30,133.95,133.9,R
2021-08-13 15:02:00+05:30,133.05,133.0,R
2021-08-13 15:03:00+05:30,132.95,132.9,R
2021-08-13 15:04:00+05:30,132.95,132.9,R
2021-08-16 09:29:00+05:30,133.2,133.05,R
2021-08-16 09:30:00+05:30,132.9,132.6,R
2021-08-16 09:31:00+05:30,132.7,132.65,R
2021-08-16 10:33:00+05:30,133.2,133.15,R
2021-08-16 10:34:00+05:30,133.2,133.05,R
2021-08-16 10:35:00+05:30,133.15,133.05,R
2021-08-16 10:54:00+05:30,133.25,133.2,R
2021-08-16 10:55:00+05:30,133.2,133.1,R
2021-08-16 10:56:00+05:30,133.15,133.1,R
2021-08-16 11:54:00+05:30,133.0,132.95,R
2021-08-16 11:55:00+05:30,132.95,132.9,R
2021-08-16 11:56:00+05:30,132.95,132.9,R
2021-08-16 12:02:00+05:30,133.0,132.9,R
2021-08-16 12:03:00+05:30,132.9,132.8,R
2021-08-16 12:04:00+05:30,132.85,132.8,R
2021-08-16 12:03:00+05:30,132.9,132.8,R
2021-08-16 12:04:00+05:30,132.85,132.8,R
2021-08-16 12:05:00+05:30,132.85,132.8,R
2021-08-17 11:05:00+05:30,131.45,131.4,R
2021-08-17 11:06:00+05:30,131.45,131.4,R
2021-08-17 11:07:00+05:30,131.5,131.4,R
2021-08-17 11:06:00+05:30,131.45,131.4,R
2021-08-17 11:07:00+05:30,131.5,131.4,R
2021-08-17 11:08:00+05:30,131.45,131.4,R
2021-08-17 13:26:00+05:30,130.4,130.2,R
2021-08-17 13:27:00+05:30,130.15,129.7,R
2021-08-17 13:28:00+05:30,129.75,129.7,R
2021-08-17 14:34:00+05:30,130.85,130.8,R
2021-08-17 14:35:00+05:30,130.8,130.75,R
2021-08-17 14:36:00+05:30,130.85,130.8,R
2021-08-17 14:36:00+05:30,130.85,130.8,R
2021-08-17 14:37:00+05:30,130.8,130.75,R
2021-08-17 14:38:00+05:30,130.8,130.75,R
2021-08-18 13:21:00+05:30,130.95,130.9,R
2021-08-18 13:22:00+05:30,130.95,130.9,R
2021-08-18 13:23:00+05:30,130.95,130.9,R
2021-08-18 14:34:00+05:30,130.9,130.85,R
2021-08-18 14:35:00+05:30,130.85,130.8,R
2021-08-18 14:36:00+05:30,130.85,130.8,R
2021-08-18 14:43:00+05:30,130.95,130.9,R
2021-08-18 14:44:00+05:30,130.9,130.75,R
2021-08-18 14:45:00+05:30,130.8,130.75,R
2021-08-18 14:44:00+05:30,130.9,130.75,R
2021-08-18 14:45:00+05:30,130.8,130.75,R
2021-08-18 14:46:00+05:30,130.8,130.75,R
2021-08-18 15:01:00+05:30,130.75,130.65,R
2021-08-18 15:02:00+05:30,130.65,130.6,R
2021-08-18 15:03:00+05:30,130.65,130.6,R
2021-08-18 15:02:00+05:30,130.65,130.6,R
2021-08-18 15:03:00+05:30,130.65,130.6,R
2021-08-18 15:04:00+05:30,130.65,130.6,R
2021-08-18 15:04:00+05:30,130.65,130.6,R
2021-08-18 15:05:00+05:30,130.6,130.55,R
2021-08-18 15:06:00+05:30,130.6,130.55,R
2021-08-18 15:18:00+05:30,130.6,130.45,R
2021-08-18 15:19:00+05:30,130.4,130.25,R
2021-08-18 15:20:00+05:30,130.3,130.25,R
